id,pitch,pitch_name,start,end,duration,velocity,confidence,hvs_score,selected,mask_reason,selected_bucket,nearby_count,overlap_count,prev_interval,next_interval,abs_prev_interval,abs_next_interval,rule_conf_lt_050,rule_duration_gt_019,rule_overlap_ge_4,rule_abs_prev_ge_12,rule_conf_and_overlap,three_signal_rule
n0,60,C4,0.918182,1.161364,0.243182,92,0.722311,0.0,False,confidence_above_threshold,not_selected_or_unlabeled,1,0,,5,,5,False,True,False,False,False,False
n1,65,F4,1.079545,1.218182,0.138636,88,0.69553,0.0,False,hvs_below_threshold_or_missing,not_selected_or_unlabeled,2,1,,0,,0,False,False,False,False,False,False
n2,65,F4,1.218182,1.381818,0.163636,82,0.643141,0.0,False,hvs_below_threshold_or_missing,not_selected_or_unlabeled,1,1,0,-3,0,3,False,False,False,False,False,False
n3,62,D4,1.509091,1.672727,0.163636,106,0.837154,0.3,False,confidence_above_threshold,not_selected_or_unlabeled,1,0,-3,0,3,0,False,False,False,False,False,False
n4,62,D4,1.672727,1.811364,0.138636,89,0.697142,0.3,False,hvs_below_threshold_or_missing,not_selected_or_unlabeled,2,1,0,-2,0,2,False,False,False,False,False,False
n5,60,C4,1.788636,1.95,0.161364,90,0.709353,0.0,False,confidence_above_threshold,not_selected_or_unlabeled,2,1,-2,-2,2,2,False,False,False,False,False,False
n6,58,A#3,1.95,2.218182,0.268182,73,0.574947,0.3,False,hvs_below_threshold_or_missing,not_selected_or_unlabeled,1,1,-2,0,2,0,False,True,False,False,False,False
n7,58,A#3,2.218182,2.381818,0.163636,94,0.741237,0.3,False,confidence_above_threshold,not_selected_or_unlabeled,1,1,0,2,0,2,False,False,False,False,False,False
n8,60,C4,2.370455,2.531818,0.161364,92,0.723939,0.0,False,confidence_above_threshold,not_selected_or_unlabeled,2,1,2,2,2,2,False,False,False,False,False,False
n9,62,D4,2.509091,2.659091,0.15,93,0.733541,0.3,False,confidence_above_threshold,not_selected_or_unlabeled,2,1,4,10,4,10,False,False,False,False,False,False
n10,72,C5,2.636364,3.054545,0.418182,76,0.600173,0.0,False,hvs_below_threshold_or_missing,not_selected_or_unlabeled,3,1,12,5,12,5,False,True,False,True,False,False
n11,77,F5,2.775,2.972727,0.197727,74,0.584999,0.0,False,hvs_below_threshold_or_missing,not_selected_or_unlabeled,2,1,15,-12,15,12,False,True,False,True,False,False
n12,65,F4,2.788636,2.961364,0.172727,70,0.550126,0.0,False,hvs_below_threshold_or_missing,not_selected_or_unlabeled,2,2,3,-7,3,7,False,False,False,False,False,False
n13,58,A#3,3.193182,3.402273,0.209091,87,0.687819,0.3,False,hvs_below_threshold_or_missing,not_selected_or_unlabeled,1,0,-14,14,14,14,False,True,False,True,False,False
n14,72,C5,3.356818,3.495455,0.138636,74,0.579588,0.0,False,hvs_below_threshold_or_missing,not_selected_or_unlabeled,2,1,0,-10,0,10,False,False,False,False,False,False
n15,62,D4,3.577273,3.843182,0.265909,81,0.635669,0.3,False,hvs_below_threshold_or_missing,not_selected_or_unlabeled,2,0,-10,8,10,8,False,True,False,False,False,False
n16,70,A#4,3.622727,3.868182,0.245455,67,0.528275,0.3,False,hvs_below_threshold_or_missing,not_selected_or_unlabeled,2,1,-2,0,2,0,False,True,False,False,False,False
n17,70,A#4,3.868182,4.020455,0.152273,94,0.738636,0.3,False,confidence_above_threshold,not_selected_or_unlabeled,3,1,0,-10,0,10,False,False,False,False,False,False
n18,60,C4,3.995455,4.275,0.279545,69,0.539724,0.0,False,hvs_below_threshold_or_missing,not_selected_or_unlabeled,2,1,-10,12,10,12,False,True,False,False,False,False
n19,72,C5,4.031818,4.345455,0.313636,91,0.715699,0.0,False,confidence_above_threshold,not_selected_or_unlabeled,3,1,2,-12,2,12,False,True,False,False,False,False
n20,60,C4,4.275,4.659091,0.384091,81,0.640124,0.0,False,hvs_below_threshold_or_missing,not_selected_or_unlabeled,2,2,0,10,0,10,False,True,False,False,False,False
n21,70,A#4,4.425,4.693182,0.268182,88,0.689614,0.3,False,hvs_below_threshold_or_missing,not_selected_or_unlabeled,1,1,-2,-1,2,1,False,True,False,False,False,False
n22,69,A4,4.693182,4.831818,0.138636,88,0.692795,0.0,False,hvs_below_threshold_or_missing,not_selected_or_unlabeled,3,1,-1,3,1,3,False,False,False,False,False,False
n23,72,C5,4.715909,4.868182,0.152273,92,0.72593,0.0,False,confidence_above_threshold,not_selected_or_unlabeled,3,1,2,-5,2,5,False,False,False,False,False,False
n24,67,G4,4.843182,5.134091,0.290909,89,0.698475,0.3,False,hvs_below_threshold_or_missing,not_selected_or_unlabeled,3,2,-2,15,2,15,False,True,False,False,False,False
n25,82,A#5,4.843182,5.075,0.231818,63,0.49519,0.3,False,hvs_below_threshold_or_missing,not_selected_or_unlabeled,3,2,13,-15,13,15,True,True,False,True,False,True
n26,70,A#4,5.272727,5.540909,0.268182,88,0.694664,0.3,False,hvs_below_threshold_or_missing,not_selected_or_unlabeled,1,1,3,9,3,9,False,True,False,False,False,False
n27,79,G5,5.272727,5.481818,0.209091,57,0.452731,0.3,False,hvs_below_threshold_or_missing,not_selected_or_unlabeled,1,1,12,-9,12,9,True,True,False,True,False,True
n28,69,A4,5.540909,5.690909,0.15,88,0.691134,0.0,False,hvs_below_threshold_or_missing,not_selected_or_unlabeled,2,1,-1,-2,1,2,False,False,False,False,False,False
n29,67,G4,5.668182,5.806818,0.138636,92,0.727749,0.3,False,confidence_above_threshold,not_selected_or_unlabeled,3,1,-3,9,3,9,False,False,False,False,False,False
n30,76,E5,5.679545,5.936364,0.256818,86,0.677375,0.3,False,hvs_below_threshold_or_missing,not_selected_or_unlabeled,4,2,6,-9,6,9,False,True,False,False,False,False
n31,67,G4,5.806818,5.959091,0.152273,87,0.687757,0.3,False,hvs_below_threshold_or_missing,not_selected_or_unlabeled,4,2,0,7,0,7,False,False,False,False,False,False
n32,74,D5,5.922727,6.052273,0.129545,80,0.629516,0.3,False,hvs_below_threshold_or_missing,not_selected_or_unlabeled,5,2,7,-9,7,9,False,False,False,False,False,False
n33,65,F4,5.936364,6.063636,0.127273,70,0.552996,0.0,False,hvs_below_threshold_or_missing,not_selected_or_unlabeled,4,3,-11,-1,11,1,False,False,False,False,False,False
n34,64,E4,6.086364,6.354545,0.268182,56,0.437076,0.3,False,hvs_below_threshold_or_missing,not_selected_or_unlabeled,4,1,-1,8,1,8,True,True,False,False,False,False
n35,72,C5,6.086364,6.309091,0.222727,72,0.570482,0.0,False,hvs_below_threshold_or_missing,not_selected_or_unlabeled,4,1,7,-8,7,8,False,True,False,False,False,False
n36,60,C4,6.215909,6.377273,0.161364,87,0.683239,0.0,False,hvs_below_threshold_or_missing,not_selected_or_unlabeled,4,2,-5,4,5,4,False,False,False,False,False,False
n37,64,E4,6.354545,6.493182,0.138636,82,0.64183,0.3,False,hvs_below_threshold_or_missing,not_selected_or_unlabeled,4,3,0,6,0,6,False,False,False,False,False,False
n38,70,A#4,6.354545,6.504545,0.15,85,0.669765,0.3,False,hvs_below_threshold_or_missing,not_selected_or_unlabeled,4,3,6,-6,6,6,False,False,False,False,False,False
n39,65,F4,6.493182,6.645455,0.152273,84,0.664556,0.0,False,hvs_below_threshold_or_missing,not_selected_or_unlabeled,5,2,1,4,1,4,False,False,False,False,False,False
n40,69,A4,6.504545,6.645455,0.140909,83,0.656124,0.0,False,hvs_below_threshold_or_missing,not_selected_or_unlabeled,5,2,-1,-2,1,2,False,False,False,False,False,False
n41,67,G4,6.620455,6.761364,0.140909,80,0.627781,0.3,False,hvs_below_threshold_or_missing,not_selected_or_unlabeled,4,2,-3,3,3,3,False,False,False,False,False,False
n42,70,A#4,6.645455,6.784091,0.138636,91,0.713977,0.3,False,confidence_above_threshold,not_selected_or_unlabeled,4,3,5,-13,5,13,False,False,False,False,False,False
n43,57,A3,6.772727,6.922727,0.15,88,0.695955,0.0,False,hvs_below_threshold_or_missing,not_selected_or_unlabeled,4,1,-10,1,10,1,False,False,False,False,False,False
n44,58,A#3,6.922727,7.168182,0.245455,83,0.652604,0.3,False,hvs_below_threshold_or_missing,not_selected_or_unlabeled,2,1,1,11,1,11,False,True,False,False,False,False
n45,69,A4,6.959091,7.213636,0.254545,73,0.575874,0.0,False,hvs_below_threshold_or_missing,not_selected_or_unlabeled,2,1,12,-9,12,9,False,True,False,True,False,False
n46,60,C4,7.213636,7.377273,0.163636,82,0.648845,0.0,False,hvs_below_threshold_or_missing,not_selected_or_unlabeled,3,2,-9,7,9,7,False,False,False,False,False,False
n47,67,G4,7.213636,7.388636,0.175,84,0.66317,0.3,False,hvs_below_threshold_or_missing,not_selected_or_unlabeled,3,2,-2,-7,2,7,False,False,False,False,False,False
n48,53,F3,7.377273,7.806818,0.429545,95,0.749886,0.0,False,confidence_above_threshold,not_selected_or_unlabeled,3,2,-7,12,7,12,False,True,False,False,False,False
n49,65,F4,7.388636,7.620455,0.231818,53,0.41347,0.0,False,hvs_below_threshold_or_missing,not_selected_or_unlabeled,3,2,-2,-17,2,17,True,True,False,False,False,False
n50,48,C3,7.665909,7.875,0.209091,81,0.63944,0.0,False,hvs_below_threshold_or_missing,not_selected_or_unlabeled,1,1,-17,5,17,5,False,True,False,True,False,False
n51,53,F3,7.806818,8.075,0.268182,85,0.672615,0.0,False,hvs_below_threshold_or_missing,not_selected_or_unlabeled,1,2,0,-1,0,1,False,True,False,False,False,False
n52,52,E3,8.086364,8.259091,0.172727,81,0.640028,0.3,False,hvs_below_threshold_or_missing,not_selected_or_unlabeled,3,0,-1,8,1,8,False,False,False,False,False,False
n53,60,C4,8.097727,8.259091,0.161364,87,0.683795,0.0,False,hvs_below_threshold_or_missing,not_selected_or_unlabeled,3,1,7,-3,7,3,False,False,False,False,False,False
n54,57,A3,8.236364,8.631818,0.395455,88,0.695254,0.0,False,hvs_below_threshold_or_missing,not_selected_or_unlabeled,4,3,4,8,4,8,False,True,False,False,False,False
n55,65,F4,8.236364,8.388636,0.152273,82,0.642938,0.0,False,hvs_below_threshold_or_missing,not_selected_or_unlabeled,4,3,12,-8,12,8,False,False,False,True,False,False
n56,65,F4,8.388636,8.643182,0.254545,51,0.400653,0.0,False,hvs_below_threshold_or_missing,not_selected_or_unlabeled,4,2,0,-10,0,10,True,True,False,False,False,False
n57,55,G3,8.504545,8.677273,0.172727,80,0.628801,0.3,False,hvs_below_threshold_or_missing,not_selected_or_unlabeled,4,2,-10,14,10,14,False,False,False,False,False,False
n58,69,A4,8.609091,8.759091,0.15,86,0.673675,0.0,False,hvs_below_threshold_or_missing,not_selected_or_unlabeled,5,3,4,-16,4,16,False,False,False,False,False,False
n59,53,F3,8.643182,9.177273,0.534091,78,0.613499,0.0,False,hvs_below_threshold_or_missing,not_selected_or_unlabeled,4,4,-12,12,12,12,False,True,True,True,False,False
n60,65,F4,8.643182,8.852273,0.209091,48,0.376419,0.0,False,hvs_below_threshold_or_missing,not_selected_or_unlabeled,4,4,0,-12,0,12,True,True,True,False,True,True
n61,69,A4,8.770455,8.956818,0.186364,78,0.612512,0.0,False,hvs_below_threshold_or_missing,not_selected_or_unlabeled,4,2,0,-21,0,21,False,False,False,False,False,False
n62,48,C3,8.922727,9.061364,0.138636,76,0.602071,0.0,False,hvs_below_threshold_or_missing,not_selected_or_unlabeled,4,2,-17,9,17,9,False,False,False,True,False,False
n63,57,A3,9.072727,9.352273,0.279545,98,0.76901,0.0,False,confidence_above_threshold,not_selected_or_unlabeled,4,3,9,8,9,8,False,True,False,False,False,False
n64,65,F4,9.072727,9.211364,0.138636,69,0.544996,0.0,False,hvs_below_threshold_or_missing,not_selected_or_unlabeled,4,3,17,-8,17,8,False,False,False,True,False,False
n65,77,F5,9.072727,9.304545,0.231818,63,0.495998,0.0,False,hvs_below_threshold_or_missing,not_selected_or_unlabeled,4,3,29,-20,29,20,True,True,False,True,False,True
n66,55,G3,9.315909,9.454545,0.138636,74,0.583651,0.3,False,hvs_below_threshold_or_missing,not_selected_or_unlabeled,5,1,-22,2,22,2,False,False,False,True,False,False
n67,57,A3,9.352273,9.490909,0.138636,79,0.618361,0.0,False,hvs_below_threshold_or_missing,not_selected_or_unlabeled,2,2,0,-4,0,4,False,False,False,False,False,False
n68,53,F3,9.490909,9.734091,0.243182,90,0.710288,0.0,False,confidence_above_threshold,not_selected_or_unlabeled,2,1,-4,-5,4,5,False,True,False,False,False,False
n69,48,C3,9.745455,9.920455,0.175,87,0.682908,0.0,False,hvs_below_threshold_or_missing,not_selected_or_unlabeled,4,0,-5,12,5,12,False,False,False,False,False,False
n70,60,C4,9.756818,9.897727,0.140909,66,0.518239,0.0,False,hvs_below_threshold_or_missing,not_selected_or_unlabeled,4,1,7,-7,7,7,False,False,False,False,False,False
n71,53,F3,9.909091,10.129545,0.220455,64,0.506892,0.0,False,hvs_below_threshold_or_missing,not_selected_or_unlabeled,5,2,-7,24,7,24,False,True,False,False,False,False
n72,77,F5,9.909091,10.129545,0.220455,39,0.306631,0.0,False,hvs_below_threshold_or_missing,not_selected_or_unlabeled,5,2,17,-24,17,24,True,True,False,True,False,True
n73,41,F2,9.920455,10.165909,0.245455,83,0.651272,0.0,False,hvs_below_threshold_or_missing,not_selected_or_unlabeled,5,3,-7,35,7,35,False,True,False,False,False,False
n74,76,E5,10.129545,10.270455,0.140909,82,0.641933,0.3,False,hvs_below_threshold_or_missing,not_selected_or_unlabeled,4,3,23,-33,23,33,False,False,False,True,False,False
n75,43,G2,10.304545,10.490909,0.186364,81,0.641337,0.3,False,hvs_below_threshold_or_missing,not_selected_or_unlabeled,2,0,-33,33,33,33,False,False,False,True,False,False
n76,76,E5,10.409091,10.559091,0.15,84,0.660026,0.3,False,hvs_below_threshold_or_missing,not_selected_or_unlabeled,2,1,0,-2,0,2,False,False,False,False,False,False
n77,74,D5,10.570455,10.711364,0.140909,81,0.640943,0.3,False,hvs_below_threshold_or_missing,not_selected_or_unlabeled,6,0,-2,-26,2,26,False,False,False,False,False,False
n78,48,C3,10.756818,11.186364,0.429545,77,0.608654,0.0,False,hvs_below_threshold_or_missing,not_selected_or_unlabeled,6,2,-26,12,26,12,False,True,False,True,False,False
n79,60,C4,10.756818,11.186364,0.429545,48,0.381188,0.0,False,hvs_below_threshold_or_missing,not_selected_or_unlabeled,6,2,-14,-12,14,12,True,True,False,True,False,True
n80,72,C5,10.756818,11.047727,0.290909,76,0.598701,0.0,False,hvs_below_threshold_or_missing,not_selected_or_unlabeled,6,2,-2,-24,2,24,False,True,False,False,False,False
n81,76,E5,10.768182,11.013636,0.245455,72,0.563299,0.3,False,hvs_below_threshold_or_missing,not_selected_or_unlabeled,6,3,2,-40,2,40,False,True,False,False,False,False
n82,36,C2,10.779545,10.954545,0.175,58,0.454342,0.0,False,hvs_below_threshold_or_missing,not_selected_or_unlabeled,6,4,-38,7,38,7,True,False,True,True,True,False
n83,43,G2,10.895455,11.036364,0.140909,58,0.455059,0.3,False,hvs_below_threshold_or_missing,not_selected_or_unlabeled,6,5,-31,0,31,0,True,False,True,True,True,False
n84,43,G2,11.047727,11.290909,0.243182,78,0.616906,0.3,False,hvs_below_threshold_or_missing,not_selected_or_unlabeled,3,3,-29,5,29,5,False,True,False,True,False,False
n85,48,C3,11.186364,11.465909,0.279545,84,0.661696,0.0,False,hvs_below_threshold_or_missing,not_selected_or_unlabeled,2,4,0,12,0,12,False,True,True,False,False,False
n86,60,C4,11.186364,11.454545,0.268182,64,0.506334,0.0,False,hvs_below_threshold_or_missing,not_selected_or_unlabeled,2,4,12,-12,12,12,False,True,True,True,False,False
n87,47,B2,11.465909,11.638636,0.172727,80,0.629913,0.6,True,low_confidence_high_hvs,already_correct_tp,4,1,-1,8,1,8,False,False,False,False,False,False
n88,55,G3,11.477273,11.663636,0.186364,75,0.592786,0.3,False,hvs_below_threshold_or_missing,not_selected_or_unlabeled,4,1,7,5,7,5,False,False,False,False,False,False
n89,60,C4,11.593182,11.756818,0.163636,89,0.698029,0.0,False,hvs_below_threshold_or_missing,not_selected_or_unlabeled,5,2,12,-8,12,8,False,False,False,True,False,False
n90,52,E3,11.627273,12.036364,0.409091,86,0.677716,0.3,False,hvs_below_threshold_or_missing,not_selected_or_unlabeled,5,3,4,12,4,12,False,True,False,False,False,False
n91,64,E4,11.638636,11.872727,0.234091,51,0.401669,0.3,False,hvs_below_threshold_or_missing,not_selected_or_unlabeled,5,4,17,-4,17,4,True,True,True,True,True,True
n92,60,C4,11.768182,12.047727,0.279545,54,0.428884,0.0,False,hvs_below_threshold_or_missing,not_selected_or_unlabeled,4,2,0,-10,0,10,True,True,False,False,False,False
n93,50,D3,11.920455,12.104545,0.184091,74,0.579512,0.3,False,hvs_below_threshold_or_missing,not_selected_or_unlabeled,4,2,-14,-2,14,2,False,False,False,True,False,False
n94,48,C3,12.047727,12.406818,0.359091,81,0.638311,0.0,False,hvs_below_threshold_or_missing,not_selected_or_unlabeled,5,4,-12,12,12,12,False,True,True,True,False,False
n95,60,C4,12.047727,12.440909,0.393182,48,0.378207,0.0,False,hvs_below_threshold_or_missing,not_selected_or_unlabeled,5,4,0,-12,0,12,True,True,True,False,True,True
n96,64,E4,12.047727,12.268182,0.220455,57,0.452567,0.3,False,hvs_below_threshold_or_missing,not_selected_or_unlabeled,5,4,4,-16,4,16,True,True,True,False,True,True
n97,43,G2,12.279545,12.418182,0.138636,58,0.458775,0.3,False,hvs_below_threshold_or_missing,not_selected_or_unlabeled,7,2,-21,24,21,24,True,False,False,True,False,False
n98,67,G4,12.290909,12.465909,0.175,77,0.609042,0.3,False,hvs_below_threshold_or_missing,not_selected_or_unlabeled,7,3,3,-15,3,15,False,False,False,False,False,False
n99,52,E3,12.440909,12.859091,0.418182,86,0.673247,0.3,False,hvs_below_threshold_or_missing,not_selected_or_unlabeled,4,3,-8,8,8,8,False,True,False,False,False,False
n100,60,C4,12.440909,12.615909,0.175,75,0.589129,0.0,False,hvs_below_threshold_or_missing,not_selected_or_unlabeled,4,3,0,-8,0,8,False,False,False,False,False,False
n101,72,C5,12.454545,12.663636,0.209091,60,0.470457,0.0,False,hvs_below_threshold_or_missing,not_selected_or_unlabeled,4,3,12,-22,12,22,True,True,False,True,False,True
n102,50,D3,12.709091,12.929545,0.220455,72,0.568521,0.3,False,hvs_below_threshold_or_missing,not_selected_or_unlabeled,3,1,-22,-2,22,2,False,True,False,True,False,False
n103,48,C3,12.847727,13.209091,0.361364,86,0.674007,0.0,False,hvs_below_threshold_or_missing,not_selected_or_unlabeled,4,3,-24,12,24,12,False,True,False,True,False,False
n104,60,C4,12.847727,13.556818,0.709091,42,0.329858,0.0,False,hvs_below_threshold_or_missing,not_selected_or_unlabeled,4,3,-12,-12,12,12,True,True,False,True,False,True
n105,76,E5,12.859091,13.104545,0.245455,73,0.571055,0.3,False,hvs_below_threshold_or_missing,not_selected_or_unlabeled,4,4,24,-33,24,33,False,True,True,True,False,False
n106,43,G2,13.079545,13.231818,0.152273,71,0.555806,0.3,False,hvs_below_threshold_or_missing,not_selected_or_unlabeled,5,3,-7,9,7,9,False,False,False,False,False,False
n107,52,E3,13.265909,13.661364,0.395455,90,0.705263,0.3,False,confidence_above_threshold,not_selected_or_unlabeled,3,1,9,32,9,32,False,True,False,False,False,False
n108,84,C6,13.277273,13.463636,0.186364,35,0.275785,0.0,False,hvs_below_threshold_or_missing,not_selected_or_unlabeled,3,2,41,-20,41,20,True,False,False,True,False,False
n109,64,E4,13.418182,13.602273,0.184091,36,0.282754,0.3,False,hvs_below_threshold_or_missing,not_selected_or_unlabeled,4,3,21,-16,21,16,True,False,False,True,False,False
n110,48,C3,13.556818,13.8,0.243182,84,0.663815,0.0,False,hvs_below_threshold_or_missing,not_selected_or_unlabeled,4,4,-12,12,12,12,False,True,True,True,False,False
n111,60,C4,13.556818,13.695455,0.138636,67,0.526653,0.0,False,hvs_below_threshold_or_missing,not_selected_or_unlabeled,4,4,0,-12,0,12,False,False,True,False,False,False
n112,81,A5,13.684091,13.893182,0.209091,56,0.43764,0.0,False,hvs_below_threshold_or_missing,not_selected_or_unlabeled,3,2,29,-28,29,28,True,True,False,True,False,True
n113,53,F3,13.695455,14.045455,0.35,87,0.684874,0.0,False,hvs_below_threshold_or_missing,not_selected_or_unlabeled,3,3,-7,2,7,2,False,True,False,False,False,False
n114,55,G3,13.963636,14.138636,0.175,83,0.656634,0.3,False,hvs_below_threshold_or_missing,not_selected_or_unlabeled,1,1,-26,2,26,2,False,False,False,True,False,False
n115,57,A3,14.127273,14.429545,0.302273,85,0.671521,0.0,False,hvs_below_threshold_or_missing,not_selected_or_unlabeled,3,1,4,17,4,17,False,True,False,False,False,False
n116,74,D5,14.336364,14.613636,0.277273,58,0.457729,0.3,False,hvs_below_threshold_or_missing,not_selected_or_unlabeled,4,1,19,-15,19,15,True,True,False,True,False,True
n117,59,B3,14.370455,14.509091,0.138636,78,0.617295,0.6,True,low_confidence_high_hvs,already_correct_tp,4,2,4,13,4,13,False,False,False,False,False,False
n118,72,C5,14.475,14.672727,0.197727,44,0.349493,0.0,False,hvs_below_threshold_or_missing,not_selected_or_unlabeled,3,2,15,-15,15,15,True,True,False,True,False,True
n119,57,A3,14.486364,14.65,0.163636,67,0.530077,0.0,False,hvs_below_threshold_or_missing,not_selected_or_unlabeled,3,3,0,21,0,21,False,False,False,False,False,False
n120,78,F#5,14.777273,14.915909,0.138636,81,0.63612,0.6,True,low_confidence_high_hvs,already_correct_tp,3,0,6,1,6,1,False,False,False,False,False,False
n121,79,G5,15.009091,15.184091,0.175,62,0.487027,0.3,False,hvs_below_threshold_or_missing,not_selected_or_unlabeled,3,0,1,-36,1,36,True,False,False,False,False,False
n122,43,G2,15.020455,15.334091,0.313636,97,0.765506,0.3,False,confidence_above_threshold,not_selected_or_unlabeled,3,2,-35,12,35,12,False,True,False,True,False,False
n123,55,G3,15.020455,15.334091,0.313636,42,0.329552,0.3,False,hvs_below_threshold_or_missing,not_selected_or_unlabeled,3,2,-23,-12,23,12,True,True,False,True,False,True
n124,43,G2,15.334091,15.497727,0.163636,69,0.542994,0.3,False,hvs_below_threshold_or_missing,not_selected_or_unlabeled,4,3,0,12,0,12,False,False,False,False,False,False
n125,55,G3,15.334091,15.509091,0.175,102,0.800662,0.3,False,confidence_above_threshold,not_selected_or_unlabeled,4,3,12,-12,12,12,False,False,False,True,False,False
n126,43,G2,15.497727,15.704545,0.206818,50,0.393569,0.3,False,hvs_below_threshold_or_missing,not_selected_or_unlabeled,4,3,0,28,0,28,True,True,False,False,False,False
n127,71,B4,15.497727,15.752273,0.254545,70,0.550604,0.6,True,low_confidence_high_hvs,already_correct_tp,4,3,28,-28,28,28,False,True,False,True,False,False
n128,55,G3,15.509091,16.577273,1.068182,89,0.702931,0.3,False,confidence_above_threshold,not_selected_or_unlabeled,4,3,0,7,0,7,False,True,False,False,False,False
n129,62,D4,15.890909,16.031818,0.140909,73,0.575747,0.3,False,hvs_below_threshold_or_missing,not_selected_or_unlabeled,0,1,-9,-3,9,3,False,False,False,False,False,False
n130,59,B3,16.286364,16.427273,0.140909,77,0.608067,0.6,True,low_confidence_high_hvs,already_correct_tp,1,1,-3,18,3,18,False,False,False,False,False,False
n131,77,F5,16.322727,16.577273,0.254545,60,0.476103,0.0,False,hvs_below_threshold_or_missing,not_selected_or_unlabeled,1,2,15,-1,15,1,True,True,False,True,False,True
n132,76,E5,16.577273,16.715909,0.138636,73,0.572274,0.3,False,hvs_below_threshold_or_missing,not_selected_or_unlabeled,1,2,21,-16,21,16,False,False,False,True,False,False
n133,60,C4,16.6,16.752273,0.152273,71,0.557174,0.0,False,hvs_below_threshold_or_missing,not_selected_or_unlabeled,1,1,5,7,5,7,False,False,False,False,False,False
n134,67,G4,16.879545,17.215909,0.336364,53,0.41865,0.3,False,hvs_below_threshold_or_missing,not_selected_or_unlabeled,4,0,7,-24,7,24,True,True,False,False,False,False
n135,43,G2,16.890909,17.577273,0.686364,83,0.652741,0.3,False,hvs_below_threshold_or_missing,not_selected_or_unlabeled,4,1,-17,-5,17,5,False,True,False,True,False,False
n136,38,D2,16.925,17.286364,0.361364,68,0.535467,0.3,False,hvs_below_threshold_or_missing,not_selected_or_unlabeled,4,2,-22,-7,22,7,False,True,False,True,False,False
n137,31,G1,16.938636,17.447727,0.509091,64,0.503362,0.3,False,hvs_below_threshold_or_missing,not_selected_or_unlabeled,4,3,-29,4,29,4,False,True,False,True,False,False
n138,35,B1,16.972727,17.343182,0.370455,63,0.494655,0.6,True,low_confidence_high_hvs,spurious_or_timing_fp,5,4,-25,32,25,32,True,True,True,True,True,True
n139,67,G4,17.215909,17.368182,0.152273,53,0.416725,0.3,False,hvs_below_threshold_or_missing,not_selected_or_unlabeled,2,5,0,-12,0,12,True,False,True,False,True,False
n140,55,G3,17.320455,18.425,1.104545,74,0.586213,0.3,False,hvs_below_threshold_or_missing,not_selected_or_unlabeled,1,4,17,7,17,7,False,True,True,True,False,False
n141,62,D4,17.761364,17.890909,0.129545,76,0.595422,0.3,False,hvs_below_threshold_or_missing,not_selected_or_unlabeled,0,1,19,-3,19,3,False,False,False,True,False,False
n142,59,B3,18.170455,18.320455,0.15,76,0.598731,0.6,True,low_confidence_high_hvs,already_correct_tp,1,1,-3,18,3,18,False,False,False,False,False,False
n143,77,F5,18.204545,18.459091,0.254545,70,0.549149,0.0,False,hvs_below_threshold_or_missing,not_selected_or_unlabeled,1,2,15,-1,15,1,False,True,False,True,False,False
n144,76,E5,18.459091,18.6,0.140909,75,0.593123,0.3,False,hvs_below_threshold_or_missing,not_selected_or_unlabeled,0,1,-1,-9,1,9,False,False,False,False,False,False
n145,67,G4,18.738636,19.179545,0.440909,52,0.410847,0.3,False,hvs_below_threshold_or_missing,not_selected_or_unlabeled,4,0,-9,-24,9,24,True,True,False,False,False,False
n146,43,G2,18.75,19.306818,0.556818,83,0.652639,0.3,False,hvs_below_threshold_or_missing,not_selected_or_unlabeled,4,1,-33,-5,33,5,False,True,False,True,False,False
n147,38,D2,18.761364,19.213636,0.452273,71,0.560056,0.3,False,hvs_below_threshold_or_missing,not_selected_or_unlabeled,4,2,-38,-7,38,7,False,True,False,True,False,False
n148,31,G1,18.772727,19.213636,0.440909,59,0.464723,0.3,False,hvs_below_threshold_or_missing,not_selected_or_unlabeled,4,3,-45,4,45,4,True,True,False,True,False,True
n149,35,B1,18.820455,19.097727,0.277273,55,0.432794,0.6,True,low_confidence_high_hvs,spurious_or_timing_fp,5,4,-41,49,41,49,True,True,True,True,True,True
n150,84,C6,19.052273,19.295455,0.243182,48,0.374536,0.0,False,hvs_below_threshold_or_missing,not_selected_or_unlabeled,1,5,8,-15,8,15,True,True,True,False,True,True
n151,69,A4,19.447727,19.586364,0.138636,81,0.6373,0.0,False,hvs_below_threshold_or_missing,not_selected_or_unlabeled,1,0,26,-2,26,2,False,False,False,True,False,False
n152,67,G4,19.575,19.772727,0.197727,76,0.600462,0.3,False,hvs_below_threshold_or_missing,not_selected_or_unlabeled,1,1,24,5,24,5,False,True,False,True,False,False
n153,72,C5,19.829545,19.970455,0.140909,80,0.631347,0.0,False,hvs_below_threshold_or_missing,not_selected_or_unlabeled,2,1,5,4,5,4,False,False,False,False,False,False
n154,76,E5,19.829545,19.970455,0.140909,75,0.589531,0.3,False,hvs_below_threshold_or_missing,not_selected_or_unlabeled,2,1,9,-4,9,4,False,False,False,False,False,False
n155,74,D5,19.993182,20.25,0.256818,51,0.404113,0.3,False,hvs_below_threshold_or_missing,not_selected_or_unlabeled,2,0,2,-7,2,7,True,True,False,False,False,False
n156,67,G4,20.25,20.4,0.15,75,0.590686,0.3,False,hvs_below_threshold_or_missing,not_selected_or_unlabeled,3,2,-7,7,7,7,False,False,False,False,False,False
n157,74,D5,20.25,20.411364,0.161364,81,0.635255,0.3,False,hvs_below_threshold_or_missing,not_selected_or_unlabeled,3,2,0,-7,0,7,False,False,False,False,False,False
n158,60,C4,20.470455,20.888636,0.418182,85,0.671726,0.0,False,hvs_below_threshold_or_missing,not_selected_or_unlabeled,3,0,-14,16,14,16,False,True,False,True,False,False
n159,76,E5,20.481818,20.770455,0.288636,80,0.627813,0.3,False,hvs_below_threshold_or_missing,not_selected_or_unlabeled,3,1,2,-21,2,21,False,True,False,False,False,False
n160,55,G3,20.784091,22.038636,1.254545,87,0.688449,0.3,False,hvs_below_threshold_or_missing,not_selected_or_unlabeled,1,1,-21,16,21,16,False,True,False,True,False,False
n161,71,B4,20.934091,21.2,0.265909,69,0.546119,0.6,True,low_confidence_high_hvs,already_correct_tp,1,1,11,-9,11,9,False,True,False,False,False,False
n162,62,D4,21.409091,21.55,0.140909,77,0.60698,0.3,False,hvs_below_threshold_or_missing,not_selected_or_unlabeled,1,1,-9,-2,9,2,False,False,False,False,False,False
n163,60,C4,21.629545,21.793182,0.163636,73,0.571608,0.0,False,hvs_below_threshold_or_missing,not_selected_or_unlabeled,2,1,-2,17,2,17,False,False,False,False,False,False
n164,77,F5,21.804545,22.061364,0.256818,55,0.436801,0.0,False,hvs_below_threshold_or_missing,not_selected_or_unlabeled,2,1,17,-17,17,17,True,True,False,True,False,True
n165,60,C4,22.038636,22.188636,0.15,72,0.563595,0.0,False,hvs_below_threshold_or_missing,not_selected_or_unlabeled,3,2,5,16,5,16,False,False,False,False,False,False
n166,76,E5,22.072727,22.225,0.152273,70,0.552586,0.3,False,hvs_below_threshold_or_missing,not_selected_or_unlabeled,3,1,-1,-33,1,33,False,False,False,False,False,False
n167,43,G2,22.188636,22.340909,0.152273,49,0.383103,0.3,False,hvs_below_threshold_or_missing,not_selected_or_unlabeled,7,2,-17,-12,17,12,True,False,False,True,False,False
n168,31,G1,22.315909,22.793182,0.477273,56,0.438742,0.3,False,hvs_below_threshold_or_missing,not_selected_or_unlabeled,6,1,-45,12,45,12,True,True,False,True,False,True
n169,43,G2,22.352273,22.677273,0.325,89,0.702017,0.3,False,confidence_above_threshold,not_selected_or_unlabeled,5,2,0,24,0,24,False,True,False,False,False,False
n170,67,G4,22.352273,22.734091,0.381818,49,0.382017,0.3,False,hvs_below_threshold_or_missing,not_selected_or_unlabeled,5,2,24,-24,24,24,True,True,False,True,False,True
n171,38,D2,22.375,22.722727,0.347727,68,0.532575,0.3,False,hvs_below_threshold_or_missing,not_selected_or_unlabeled,5,3,-5,-3,5,3,False,True,False,False,False,False
n172,35,B1,22.434091,22.745455,0.311364,59,0.461883,0.6,True,low_confidence_high_hvs,spurious_or_timing_fp,6,4,-8,8,8,8,True,True,True,False,True,True
n173,43,G2,22.677273,23.084091,0.406818,71,0.556546,0.3,False,hvs_below_threshold_or_missing,not_selected_or_unlabeled,3,5,0,12,0,12,False,True,True,False,False,False
n174,55,G3,22.7,23.886364,1.186364,78,0.611877,0.3,False,hvs_below_threshold_or_missing,not_selected_or_unlabeled,2,5,12,16,12,16,False,True,True,True,False,False
n175,71,B4,22.804545,23.059091,0.254545,56,0.437488,0.6,True,low_confidence_high_hvs,already_correct_tp,2,2,40,6,40,6,True,True,False,True,False,True
n176,77,F5,23.675,23.931818,0.256818,69,0.546236,0.0,False,hvs_below_threshold_or_missing,not_selected_or_unlabeled,0,1,34,-1,34,1,False,True,False,True,False,False
n177,76,E5,23.931818,24.070455,0.138636,74,0.582891,0.3,False,hvs_below_threshold_or_missing,not_selected_or_unlabeled,1,1,-1,-16,1,16,False,False,False,False,False,False
n178,60,C4,23.943182,24.095455,0.152273,79,0.619674,0.0,False,hvs_below_threshold_or_missing,not_selected_or_unlabeled,1,1,-17,-17,17,17,False,False,False,True,False,False
n179,43,G2,24.211364,24.813636,0.602273,85,0.669984,0.3,False,hvs_below_threshold_or_missing,not_selected_or_unlabeled,5,1,-17,24,17,24,False,True,False,True,False,False
n180,67,G4,24.211364,24.640909,0.429545,52,0.410143,0.3,False,hvs_below_threshold_or_missing,not_selected_or_unlabeled,5,1,7,-24,7,24,True,True,False,False,False,False
n181,71,B4,24.222727,24.384091,0.161364,42,0.329446,0.6,True,low_confidence_high_hvs,already_correct_tp,5,2,11,-33,11,33,True,False,False,False,False,False
n182,38,D2,24.234091,24.652273,0.418182,68,0.538072,0.3,False,hvs_below_threshold_or_missing,not_selected_or_unlabeled,5,3,-22,-7,22,7,False,True,False,True,False,False
n183,31,G1,24.279545,24.629545,0.35,59,0.461228,0.3,False,hvs_below_threshold_or_missing,not_selected_or_unlabeled,6,5,-29,4,29,4,True,True,True,True,True,True
n184,35,B1,24.279545,24.536364,0.256818,59,0.464994,0.6,True,low_confidence_high_hvs,spurious_or_timing_fp,6,5,-25,-4,25,4,True,True,True,True,True,True
n185,84,C6,24.511364,24.768182,0.256818,47,0.371518,0.0,False,hvs_below_threshold_or_missing,not_selected_or_unlabeled,2,5,13,-15,13,15,True,True,True,True,True,True
n186,69,A4,24.940909,25.081818,0.140909,82,0.643253,0.0,False,hvs_below_threshold_or_missing,not_selected_or_unlabeled,1,0,26,-2,26,2,False,False,False,True,False,False
n187,67,G4,25.081818,25.243182,0.161364,80,0.63165,0.3,False,hvs_below_threshold_or_missing,not_selected_or_unlabeled,1,1,-2,7,2,7,False,False,False,False,False,False
n188,74,D5,25.720455,25.861364,0.140909,79,0.625069,0.3,False,hvs_below_threshold_or_missing,not_selected_or_unlabeled,1,0,7,-14,7,14,False,False,False,False,False,False
n189,60,C4,25.906818,26.186364,0.279545,92,0.721561,0.0,False,confidence_above_threshold,not_selected_or_unlabeled,1,0,-14,-8,14,8,False,True,False,True,False,False
n190,52,E3,26.186364,26.325,0.138636,88,0.690683,0.3,False,hvs_below_threshold_or_missing,not_selected_or_unlabeled,3,3,-8,8,8,8,False,False,False,False,False,False
n191,60,C4,26.186364,26.325,0.138636,71,0.562064,0.0,False,hvs_below_threshold_or_missing,not_selected_or_unlabeled,3,3,0,-8,0,8,False,False,False,False,False,False
n192,72,C5,26.186364,26.463636,0.277273,64,0.506261,0.0,False,hvs_below_threshold_or_missing,not_selected_or_unlabeled,3,3,12,-20,12,20,False,True,False,True,False,False
n193,53,F3,26.325,26.568182,0.243182,82,0.644272,0.0,False,hvs_below_threshold_or_missing,not_selected_or_unlabeled,4,3,1,9,1,9,False,True,False,False,False,False
n194,62,D4,26.475,26.638636,0.163636,83,0.655869,0.3,False,hvs_below_threshold_or_missing,not_selected_or_unlabeled,3,1,-10,-5,10,5,False,False,False,False,False,False
n195,57,A3,26.604545,26.754545,0.15,81,0.636071,0.0,False,hvs_below_threshold_or_missing,not_selected_or_unlabeled,3,1,4,12,4,12,False,False,False,False,False,False
n196,69,A4,26.615909,26.870455,0.254545,51,0.405138,0.0,False,hvs_below_threshold_or_missing,not_selected_or_unlabeled,3,2,16,-14,16,14,True,True,False,True,False,True
n197,55,G3,26.743182,26.975,0.231818,78,0.610592,0.3,False,hvs_below_threshold_or_missing,not_selected_or_unlabeled,4,2,-7,4,7,4,False,True,False,False,False,False
n198,59,B3,26.881818,27.020455,0.138636,83,0.651069,0.6,True,low_confidence_high_hvs,already_correct_tp,3,1,-10,-7,10,7,False,False,False,False,False,False
n199,52,E3,26.963636,27.125,0.161364,70,0.55143,0.3,False,hvs_below_threshold_or_missing,not_selected_or_unlabeled,5,2,-17,8,17,8,False,False,False,True,False,False
n200,60,C4,27.020455,27.288636,0.268182,60,0.46909,0.0,False,hvs_below_threshold_or_missing,not_selected_or_unlabeled,4,2,1,-7,1,7,True,True,False,False,False,False
n201,53,F3,27.161364,27.322727,0.161364,82,0.644188,0.0,False,hvs_below_threshold_or_missing,not_selected_or_unlabeled,5,2,1,9,1,9,False,False,False,False,False,False
n202,62,D4,27.161364,27.438636,0.277273,57,0.446451,0.3,False,hvs_below_threshold_or_missing,not_selected_or_unlabeled,5,2,10,-9,10,9,True,True,False,False,False,False
n203,64,E4,27.277273,27.415909,0.138636,72,0.563379,0.3,False,hvs_below_threshold_or_missing,not_selected_or_unlabeled,6,3,12,-4,12,4,False,False,False,True,False,False
n204,60,C4,27.288636,27.438636,0.15,83,0.655531,0.0,False,hvs_below_threshold_or_missing,not_selected_or_unlabeled,6,4,0,-5,0,5,False,False,True,False,False,False
n205,55,G3,27.438636,27.636364,0.197727,75,0.590399,0.3,False,hvs_below_threshold_or_missing,not_selected_or_unlabeled,4,4,-7,4,7,4,False,True,True,False,False,False
n206,59,B3,27.438636,27.625,0.186364,75,0.591822,0.6,True,low_confidence_high_hvs,already_correct_tp,4,4,-3,-4,3,4,False,False,True,False,False,False
n207,62,D4,27.438636,27.636364,0.197727,79,0.622415,0.3,False,hvs_below_threshold_or_missing,not_selected_or_unlabeled,4,4,0,-7,0,7,False,True,True,False,False,False
n208,48,C3,27.695455,28.461364,0.765909,61,0.479403,0.0,False,hvs_below_threshold_or_missing,not_selected_or_unlabeled,2,0,-7,-12,7,12,True,True,False,False,False,False
n209,36,C2,27.706818,28.45,0.743182,91,0.717548,0.0,False,confidence_above_threshold,not_selected_or_unlabeled,2,2,-19,24,19,24,False,True,False,True,False,False
n210,60,C4,27.706818,28.288636,0.581818,59,0.466076,0.0,False,hvs_below_threshold_or_missing,not_selected_or_unlabeled,2,2,5,-24,5,24,True,True,False,False,False,False
n211,45,A2,28.565909,29.275,0.709091,74,0.579008,0.0,False,hvs_below_threshold_or_missing,not_selected_or_unlabeled,2,0,-3,-12,3,12,False,True,False,False,False,False
n212,33,A1,28.602273,29.543182,0.940909,64,0.501125,0.0,False,hvs_below_threshold_or_missing,not_selected_or_unlabeled,2,1,-15,7,15,7,False,True,False,True,False,False
n213,40,E2,28.625,29.518182,0.893182,87,0.684541,0.3,False,hvs_below_threshold_or_missing,not_selected_or_unlabeled,2,2,-8,29,8,29,False,True,False,False,False,False
n214,69,A4,29.054545,29.193182,0.138636,69,0.542863,0.0,False,hvs_below_threshold_or_missing,not_selected_or_unlabeled,2,3,21,0,21,0,False,False,False,True,False,False
n215,69,A4,29.193182,29.461364,0.268182,78,0.611196,0.0,False,hvs_below_threshold_or_missing,not_selected_or_unlabeled,2,4,0,5,0,5,False,True,True,False,False,False
n216,74,D5,29.297727,29.45,0.152273,67,0.529367,0.3,False,hvs_below_threshold_or_missing,not_selected_or_unlabeled,4,3,29,-5,29,5,False,False,False,True,False,False
n217,69,A4,29.461364,30.345455,0.884091,75,0.590761,0.0,False,hvs_below_threshold_or_missing,not_selected_or_unlabeled,3,4,0,4,0,4,False,True,True,False,False,False
n218,73,C#5,29.461364,29.6,0.138636,71,0.555807,0.6,True,low_confidence_high_hvs,already_correct_tp,3,4,4,-4,4,4,False,False,True,False,False,False
n219,57,A3,29.565909,29.738636,0.172727,81,0.637595,0.0,False,hvs_below_threshold_or_missing,not_selected_or_unlabeled,2,2,24,19,24,19,False,False,False,True,False,False
n220,76,E5,29.845455,29.995455,0.15,72,0.563479,0.3,False,hvs_below_threshold_or_missing,not_selected_or_unlabeled,2,1,19,-12,19,12,False,False,False,True,False,False
n221,64,E4,29.868182,30.020455,0.152273,77,0.605843,0.3,False,hvs_below_threshold_or_missing,not_selected_or_unlabeled,2,2,7,-7,7,7,False,False,False,False,False,False
n222,57,A3,30.031818,30.345455,0.313636,59,0.46679,0.0,False,hvs_below_threshold_or_missing,not_selected_or_unlabeled,4,1,-7,5,7,5,True,True,False,False,False,False
n223,62,D4,30.136364,30.286364,0.15,71,0.559447,0.3,False,hvs_below_threshold_or_missing,not_selected_or_unlabeled,5,2,-2,15,2,15,False,False,False,False,False,False
n224,77,F5,30.147727,30.286364,0.138636,78,0.615045,0.0,False,hvs_below_threshold_or_missing,not_selected_or_unlabeled,5,3,13,-16,13,16,False,False,False,True,False,False
n225,61,C#4,30.320455,30.484091,0.163636,82,0.642209,0.6,True,low_confidence_high_hvs,already_correct_tp,5,2,-1,-4,1,4,False,False,False,False,False,False
n226,57,A3,30.345455,30.484091,0.138636,92,0.726671,0.0,False,confidence_above_threshold,not_selected_or_unlabeled,5,4,-12,12,12,12,False,False,True,True,False,False
n227,69,A4,30.345455,30.715909,0.370455,65,0.512017,0.0,False,hvs_below_threshold_or_missing,not_selected_or_unlabeled,5,4,0,-12,0,12,False,True,True,False,False,False
n228,57,A3,30.484091,30.645455,0.161364,85,0.666183,0.0,False,hvs_below_threshold_or_missing,not_selected_or_unlabeled,5,3,-4,5,4,5,False,False,False,False,False,False
n229,62,D4,30.622727,30.761364,0.138636,81,0.634306,0.3,False,hvs_below_threshold_or_missing,not_selected_or_unlabeled,4,3,1,15,1,15,False,False,False,False,False,False
n230,77,F5,30.622727,30.902273,0.279545,63,0.497112,0.0,False,hvs_below_threshold_or_missing,not_selected_or_unlabeled,4,3,16,-15,16,15,True,True,False,True,False,True
n231,55,G3,30.775,30.913636,0.138636,79,0.622238,0.3,False,hvs_below_threshold_or_missing,not_selected_or_unlabeled,4,2,-7,15,7,15,False,False,False,False,False,False
n232,70,A#4,30.775,30.984091,0.209091,78,0.617134,0.3,False,hvs_below_threshold_or_missing,not_selected_or_unlabeled,4,2,8,-15,8,15,False,True,False,False,False,False
n233,57,A3,30.925,31.063636,0.138636,84,0.65799,0.0,False,hvs_below_threshold_or_missing,not_selected_or_unlabeled,4,1,2,1,2,1,False,False,False,False,False,False
n234,58,A#3,31.063636,31.215909,0.152273,83,0.651329,0.3,False,hvs_below_threshold_or_missing,not_selected_or_unlabeled,5,2,1,16,1,16,False,False,False,False,False,False
n235,74,D5,31.063636,31.227273,0.163636,72,0.566657,0.3,False,hvs_below_threshold_or_missing,not_selected_or_unlabeled,5,2,17,-16,17,16,False,False,False,True,False,False
n236,57,A3,31.227273,31.481818,0.254545,85,0.666856,0.0,False,hvs_below_threshold_or_missing,not_selected_or_unlabeled,5,2,-17,12,17,12,False,True,False,True,False,False
n237,69,A4,31.227273,31.481818,0.254545,59,0.461651,0.0,False,hvs_below_threshold_or_missing,not_selected_or_unlabeled,5,2,-5,-12,5,12,True,True,False,False,False,False
n238,73,C#5,31.238636,31.459091,0.220455,75,0.590149,0.6,True,low_confidence_high_hvs,already_correct_tp,5,2,-1,-18,1,18,False,True,False,False,False,False
n239,55,G3,31.365909,31.668182,0.302273,56,0.440267,0.3,False,hvs_below_threshold_or_missing,not_selected_or_unlabeled,5,3,-19,-2,19,2,True,True,False,True,False,True
n240,53,F3,31.518182,31.668182,0.15,88,0.6912,0.0,False,hvs_below_threshold_or_missing,not_selected_or_unlabeled,5,1,-4,24,4,24,False,False,False,False,False,False
n241,77,F5,31.529545,31.679545,0.15,74,0.580135,0.0,False,hvs_below_threshold_or_missing,not_selected_or_unlabeled,5,2,20,-22,20,22,False,False,False,True,False,False
n242,55,G3,31.668182,31.831818,0.163636,77,0.606192,0.3,False,hvs_below_threshold_or_missing,not_selected_or_unlabeled,6,3,0,15,0,15,False,False,False,False,False,False
n243,70,A#4,31.679545,31.820455,0.140909,83,0.654304,0.3,False,hvs_below_threshold_or_missing,not_selected_or_unlabeled,6,3,-7,7,7,7,False,False,False,False,False,False
n244,77,F5,31.679545,31.809091,0.129545,58,0.45615,0.0,False,hvs_below_threshold_or_missing,not_selected_or_unlabeled,6,3,0,-7,0,7,True,False,False,False,False,False
n245,57,A3,31.820455,31.959091,0.138636,84,0.662348,0.0,False,hvs_below_threshold_or_missing,not_selected_or_unlabeled,6,3,-13,19,13,19,False,False,False,True,False,False
n246,76,E5,31.820455,31.970455,0.15,68,0.536546,0.3,False,hvs_below_threshold_or_missing,not_selected_or_unlabeled,6,3,6,-19,6,19,False,False,False,False,False,False
n247,74,D5,31.959091,32.134091,0.175,80,0.627447,0.3,False,hvs_below_threshold_or_missing,not_selected_or_unlabeled,7,2,17,-16,17,16,False,False,False,True,False,False
n248,58,A#3,31.970455,32.111364,0.140909,88,0.689014,0.3,False,hvs_below_threshold_or_missing,not_selected_or_unlabeled,7,2,-18,-1,18,1,False,False,False,True,False,False
n249,57,A3,32.156818,32.354545,0.197727,81,0.635365,0.0,False,hvs_below_threshold_or_missing,not_selected_or_unlabeled,6,3,-17,12,17,12,False,True,False,True,False,False
n250,69,A4,32.156818,32.331818,0.175,69,0.54007,0.0,False,hvs_below_threshold_or_missing,not_selected_or_unlabeled,6,3,-5,-12,5,12,False,False,False,False,False,False
n251,73,C#5,32.156818,32.377273,0.220455,74,0.581115,0.6,True,low_confidence_high_hvs,already_correct_tp,6,3,-1,-16,1,16,False,True,False,False,False,False
n252,76,E5,32.156818,32.354545,0.197727,50,0.394577,0.3,False,hvs_below_threshold_or_missing,not_selected_or_unlabeled,6,3,2,-19,2,19,True,True,False,False,False,False
n253,55,G3,32.261364,32.411364,0.15,82,0.643554,0.3,False,hvs_below_threshold_or_missing,not_selected_or_unlabeled,6,4,-19,-2,19,2,False,False,True,True,False,False
n254,53,F3,32.425,32.563636,0.138636,83,0.655025,0.0,False,hvs_below_threshold_or_missing,not_selected_or_unlabeled,4,0,-2,24,2,24,False,False,False,False,False,False
n255,77,F5,32.436364,32.597727,0.161364,58,0.454206,0.0,False,hvs_below_threshold_or_missing,not_selected_or_unlabeled,4,1,22,-22,22,22,True,False,False,True,False,False
n256,55,G3,32.575,32.725,0.15,72,0.567032,0.3,False,hvs_below_threshold_or_missing,not_selected_or_unlabeled,4,1,2,22,2,22,False,False,False,False,False,False
n257,77,F5,32.597727,32.761364,0.163636,78,0.612354,0.0,False,hvs_below_threshold_or_missing,not_selected_or_unlabeled,4,2,0,-20,0,20,False,False,False,False,False,False
n258,57,A3,32.75,32.9,0.15,81,0.638534,0.0,False,hvs_below_threshold_or_missing,not_selected_or_unlabeled,4,1,2,17,2,17,False,False,False,False,False,False
n259,74,D5,32.888636,33.179545,0.290909,68,0.535719,0.3,False,hvs_below_threshold_or_missing,not_selected_or_unlabeled,3,1,-3,-16,3,16,False,True,False,False,False,False
n260,58,A#3,32.9,33.063636,0.163636,85,0.670547,0.3,False,hvs_below_threshold_or_missing,not_selected_or_unlabeled,3,2,1,-1,1,1,False,False,False,False,False,False
n261,57,A3,33.097727,33.713636,0.615909,83,0.654447,0.0,False,hvs_below_threshold_or_missing,not_selected_or_unlabeled,4,1,-1,20,1,20,False,True,False,False,False,False
n262,77,F5,33.179545,33.329545,0.15,71,0.559826,0.0,False,hvs_below_threshold_or_missing,not_selected_or_unlabeled,2,2,3,0,3,0,False,False,False,False,False,False
n263,77,F5,33.329545,33.479545,0.15,68,0.538174,0.0,False,hvs_below_threshold_or_missing,not_selected_or_unlabeled,3,2,0,0,0,0,False,False,False,False,False,False
n264,77,F5,33.479545,33.713636,0.234091,56,0.440081,0.0,False,hvs_below_threshold_or_missing,not_selected_or_unlabeled,2,2,0,-32,0,32,True,True,False,False,False,False
n265,45,A2,33.643182,33.877273,0.234091,89,0.696879,0.0,False,hvs_below_threshold_or_missing,not_selected_or_unlabeled,1,2,-32,25,32,25,False,True,False,True,False,False
n266,70,A#4,33.922727,34.165909,0.243182,56,0.441813,0.3,False,hvs_below_threshold_or_missing,not_selected_or_unlabeled,2,0,25,-24,25,24,True,True,False,True,False,True
n267,46,A#2,33.993182,34.143182,0.15,51,0.405409,0.3,False,hvs_below_threshold_or_missing,not_selected_or_unlabeled,2,1,1,24,1,24,True,False,False,False,False,False
n268,70,A#4,34.165909,34.479545,0.313636,99,0.78151,0.3,False,confidence_above_threshold,not_selected_or_unlabeled,4,1,0,5,0,5,False,True,False,False,False,False
n269,75,D#5,34.329545,34.504545,0.175,83,0.650309,0.6,True,low_confidence_high_hvs,already_correct_tp,5,2,5,4,5,4,False,False,False,False,False,False
n270,79,G5,34.329545,34.561364,0.231818,59,0.461574,0.3,False,hvs_below_threshold_or_missing,not_selected_or_unlabeled,5,2,9,-4,9,4,True,True,False,False,False,False
n271,70,A#4,34.479545,34.643182,0.163636,98,0.774309,0.3,False,confidence_above_threshold,not_selected_or_unlabeled,5,4,0,7,0,7,False,False,True,False,False,False
n272,77,F5,34.479545,34.725,0.245455,66,0.515924,0.0,False,hvs_below_threshold_or_missing,not_selected_or_unlabeled,5,4,7,-7,7,7,False,True,True,False,False,False
n273,74,D5,34.504545,34.711364,0.206818,63,0.498481,0.3,False,hvs_below_threshold_or_missing,not_selected_or_unlabeled,6,4,-1,-4,1,4,True,True,True,False,True,True
n274,70,A#4,34.643182,34.920455,0.277273,88,0.693184,0.3,False,hvs_below_threshold_or_missing,not_selected_or_unlabeled,5,3,0,2,0,2,False,True,False,False,False,False
n275,72,C5,34.747727,34.886364,0.138636,68,0.533455,0.0,False,hvs_below_threshold_or_missing,not_selected_or_unlabeled,6,1,-5,3,5,3,False,False,False,False,False,False
n276,75,D#5,34.770455,34.909091,0.138636,77,0.606657,0.6,True,low_confidence_high_hvs,already_correct_tp,5,2,-2,-7,2,7,False,False,False,False,False,False
n277,68,G#4,34.909091,35.05,0.140909,72,0.565439,0.6,True,low_confidence_high_hvs,already_correct_tp,5,3,-7,6,7,6,False,False,False,False,False,False
n278,74,D5,34.909091,35.095455,0.186364,77,0.605577,0.3,False,hvs_below_threshold_or_missing,not_selected_or_unlabeled,5,3,-1,-6,1,6,False,False,False,False,False,False
n279,70,A#4,34.920455,35.35,0.429545,84,0.661229,0.3,False,hvs_below_threshold_or_missing,not_selected_or_unlabeled,6,3,0,-12,0,12,False,True,False,False,False,False
n280,58,A#3,35.038636,35.2,0.161364,83,0.650158,0.3,False,hvs_below_threshold_or_missing,not_selected_or_unlabeled,4,3,-12,9,12,9,False,False,False,True,False,False
n281,67,G4,35.165909,35.315909,0.15,83,0.650614,0.3,False,hvs_below_threshold_or_missing,not_selected_or_unlabeled,4,2,-7,-2,7,2,False,False,False,False,False,False
n282,65,F4,35.338636,35.479545,0.140909,76,0.596949,0.0,False,hvs_below_threshold_or_missing,not_selected_or_unlabeled,3,1,-2,5,2,5,False,False,False,False,False,False
n283,70,A#4,35.35,35.606818,0.256818,55,0.434688,0.3,False,hvs_below_threshold_or_missing,not_selected_or_unlabeled,3,2,0,-12,0,12,True,True,False,False,False,False
n284,58,A#3,35.479545,35.618182,0.138636,79,0.624429,0.3,False,hvs_below_threshold_or_missing,not_selected_or_unlabeled,3,2,-7,12,7,12,False,False,False,False,False,False
n285,70,A#4,35.606818,35.759091,0.152273,49,0.388405,0.3,False,hvs_below_threshold_or_missing,not_selected_or_unlabeled,5,2,0,7,0,7,True,False,False,False,False,False
n286,77,F5,35.756818,35.897727,0.140909,61,0.480865,0.0,False,hvs_below_threshold_or_missing,not_selected_or_unlabeled,5,1,19,-19,19,19,True,False,False,True,False,False
n287,58,A#3,35.759091,35.920455,0.161364,86,0.675679,0.3,False,hvs_below_threshold_or_missing,not_selected_or_unlabeled,5,4,-12,4,12,4,False,False,True,True,False,False
n288,62,D4,35.759091,35.909091,0.15,81,0.641182,0.3,False,hvs_below_threshold_or_missing,not_selected_or_unlabeled,5,4,-8,-4,8,4,False,False,True,False,False,False
n289,70,A#4,35.759091,35.956818,0.197727,80,0.626466,0.3,False,hvs_below_threshold_or_missing,not_selected_or_unlabeled,5,4,0,-12,0,12,False,True,True,False,False,False
n290,58,A#3,35.920455,36.118182,0.197727,78,0.615487,0.3,False,hvs_below_threshold_or_missing,not_selected_or_unlabeled,6,2,0,5,0,5,False,True,False,False,False,False
n291,63,D#4,36.036364,36.177273,0.140909,72,0.563174,0.6,True,low_confidence_high_hvs,already_correct_tp,5,1,-7,16,7,16,False,False,False,False,False,False
n292,79,G5,36.05,36.211364,0.161364,71,0.56213,0.3,False,hvs_below_threshold_or_missing,not_selected_or_unlabeled,5,2,9,-23,9,23,False,False,False,False,False,False
n293,56,G#3,36.211364,36.361364,0.15,82,0.644137,0.6,True,low_confidence_high_hvs,already_correct_tp,6,3,-23,16,23,16,False,False,False,True,False,False
n294,72,C5,36.211364,36.443182,0.231818,81,0.639731,0.0,False,hvs_below_threshold_or_missing,not_selected_or_unlabeled,6,3,-7,-16,7,16,False,True,False,False,False,False
n295,79,G5,36.211364,36.35,0.138636,53,0.413872,0.3,False,hvs_below_threshold_or_missing,not_selected_or_unlabeled,6,3,0,-23,0,23,True,False,False,False,False,False
n296,58,A#3,36.361364,36.502273,0.140909,85,0.669853,0.3,False,hvs_below_threshold_or_missing,not_selected_or_unlabeled,6,3,2,19,2,19,False,False,False,False,False,False
n297,77,F5,36.361364,36.502273,0.140909,73,0.571397,0.0,False,hvs_below_threshold_or_missing,not_selected_or_unlabeled,6,3,21,-19,21,19,False,False,False,True,False,False
n298,75,D#5,36.465909,36.618182,0.152273,78,0.616959,0.6,True,low_confidence_high_hvs,already_correct_tp,6,2,3,-15,3,15,False,False,False,False,False,False
n299,60,C4,36.513636,36.652273,0.138636,83,0.654261,0.0,False,hvs_below_threshold_or_missing,not_selected_or_unlabeled,6,1,2,-2,2,2,False,False,False,False,False,False
n300,58,A#3,36.663636,36.815909,0.152273,86,0.679723,0.3,False,hvs_below_threshold_or_missing,not_selected_or_unlabeled,6,2,-2,16,2,16,False,False,False,False,False,False
n301,74,D5,36.663636,36.804545,0.140909,81,0.64169,0.3,False,hvs_below_threshold_or_missing,not_selected_or_unlabeled,6,2,14,-16,14,16,False,False,False,True,False,False
n302,77,F5,36.663636,36.884091,0.220455,49,0.382119,0.0,False,hvs_below_threshold_or_missing,not_selected_or_unlabeled,6,2,17,-19,17,19,True,True,False,True,False,True
n303,56,G#3,36.804545,37.115909,0.311364,65,0.508232,0.6,True,low_confidence_high_hvs,already_correct_tp,4,4,-18,19,18,19,False,True,True,True,False,False
n304,75,D#5,36.804545,37.081818,0.277273,47,0.368153,0.6,True,low_confidence_high_hvs,spurious_or_timing_fp,4,4,1,-19,1,19,True,True,True,False,True,True
n305,79,G5,37.104545,37.245455,0.140909,46,0.363946,0.3,False,hvs_below_threshold_or_missing,not_selected_or_unlabeled,5,1,4,-23,4,23,True,False,False,False,False,False
n306,56,G#3,37.115909,37.290909,0.175,90,0.706955,0.6,False,confidence_above_threshold,not_selected_or_unlabeled,5,3,0,16,0,16,False,False,False,False,False,False
n307,72,C5,37.115909,37.290909,0.175,89,0.703143,0.0,False,confidence_above_threshold,not_selected_or_unlabeled,5,3,16,-16,16,16,False,False,False,True,False,False
n308,60,C4,37.220455,37.406818,0.186364,43,0.341232,0.0,False,hvs_below_threshold_or_missing,not_selected_or_unlabeled,6,3,4,-2,4,2,True,False,False,False,False,False
n309,58,A#3,37.279545,37.570455,0.290909,53,0.415715,0.3,False,hvs_below_threshold_or_missing,not_selected_or_unlabeled,6,3,-21,14,21,14,True,True,False,True,False,True
n310,72,C5,37.290909,37.581818,0.290909,60,0.472856,0.0,False,hvs_below_threshold_or_missing,not_selected_or_unlabeled,6,4,16,-12,16,12,True,True,True,True,True,True
n311,60,C4,37.418182,37.570455,0.152273,81,0.637619,0.0,False,hvs_below_threshold_or_missing,not_selected_or_unlabeled,6,2,0,-2,0,2,False,False,False,False,False,False
n312,58,A#3,37.570455,37.743182,0.172727,83,0.657039,0.3,False,hvs_below_threshold_or_missing,not_selected_or_unlabeled,4,4,0,19,0,19,False,False,True,False,False,False
n313,77,F5,37.570455,37.802273,0.231818,49,0.386546,0.0,False,hvs_below_threshold_or_missing,not_selected_or_unlabeled,4,4,19,-19,19,19,True,True,True,True,True,True
n314,74,D5,37.581818,37.720455,0.138636,79,0.622877,0.3,False,hvs_below_threshold_or_missing,not_selected_or_unlabeled,4,3,2,-18,2,18,False,False,False,False,False,False
n315,56,G#3,37.731818,37.872727,0.140909,93,0.734271,0.6,False,confidence_above_threshold,not_selected_or_unlabeled,4,2,-18,-1,18,1,False,False,False,True,False,False
n316,55,G3,37.895455,38.036364,0.140909,80,0.632721,0.3,False,hvs_below_threshold_or_missing,not_selected_or_unlabeled,4,0,-1,1,1,1,False,False,False,False,False,False
n317,56,G#3,38.070455,38.231818,0.161364,87,0.683007,0.6,True,low_confidence_high_hvs,already_correct_tp,5,2,1,16,1,16,False,False,False,False,False,False
n318,72,C5,38.070455,38.361364,0.290909,79,0.621756,0.0,False,hvs_below_threshold_or_missing,not_selected_or_unlabeled,5,2,17,-16,17,16,False,True,False,True,False,False
n319,79,G5,38.070455,38.220455,0.15,50,0.395568,0.3,False,hvs_below_threshold_or_missing,not_selected_or_unlabeled,5,2,24,-23,24,23,True,False,False,True,False,False
n320,77,F5,38.245455,38.384091,0.138636,59,0.465531,0.0,False,hvs_below_threshold_or_missing,not_selected_or_unlabeled,6,1,21,-19,21,19,True,False,False,True,False,False
n321,58,A#3,38.256818,38.418182,0.161364,85,0.672662,0.3,False,hvs_below_threshold_or_missing,not_selected_or_unlabeled,6,2,2,17,2,17,False,False,False,False,False,False
n322,75,D#5,38.429545,38.675,0.245455,67,0.528567,0.6,True,low_confidence_high_hvs,already_correct_tp,3,0,17,-15,17,15,False,True,False,True,False,False
n323,60,C4,38.440909,38.604545,0.163636,79,0.623458,0.0,False,hvs_below_threshold_or_missing,not_selected_or_unlabeled,3,1,2,-2,2,2,False,False,False,False,False,False
n324,58,A#3,38.754545,39.359091,0.604545,90,0.709783,0.3,False,confidence_above_threshold,not_selected_or_unlabeled,2,1,-17,16,17,16,False,True,False,True,False,False
n325,74,D5,38.754545,39.277273,0.522727,73,0.576113,0.3,False,hvs_below_threshold_or_missing,not_selected_or_unlabeled,2,1,-1,-16,1,16,False,True,False,False,False,False
n326,46,A#2,38.906818,39.288636,0.381818,58,0.459738,0.3,False,hvs_below_threshold_or_missing,not_selected_or_unlabeled,2,2,-29,0,29,0,True,True,False,True,False,True
n327,46,A#2,39.3,39.463636,0.163636,81,0.637177,0.3,False,hvs_below_threshold_or_missing,not_selected_or_unlabeled,2,1,0,5,0,5,False,False,False,False,False,False
n328,51,D#3,39.475,39.731818,0.256818,92,0.721242,0.6,False,confidence_above_threshold,not_selected_or_unlabeled,2,1,5,12,5,12,False,True,False,False,False,False
n329,63,D#4,39.475,39.672727,0.197727,38,0.296713,0.6,True,low_confidence_high_hvs,spurious_or_timing_fp,2,1,17,-12,17,12,True,True,False,True,False,True
n330,50,D3,39.731818,39.918182,0.186364,82,0.644392,0.3,False,hvs_below_threshold_or_missing,not_selected_or_unlabeled,4,2,-1,12,1,12,False,False,False,False,False,False
n331,62,D4,39.731818,39.870455,0.138636,64,0.507168,0.3,False,hvs_below_threshold_or_missing,not_selected_or_unlabeled,4,2,11,-12,11,12,False,False,False,False,False,False
n332,58,A#3,39.765909,39.906818,0.140909,84,0.664698,0.3,False,hvs_below_threshold_or_missing,not_selected_or_unlabeled,4,2,7,-3,7,3,False,False,False,False,False,False
n333,55,G3,39.895455,40.3,0.404545,86,0.676528,0.3,False,hvs_below_threshold_or_missing,not_selected_or_unlabeled,4,2,-7,8,7,8,False,True,False,False,False,False
n334,63,D#4,39.906818,40.172727,0.265909,76,0.599864,0.6,True,low_confidence_high_hvs,already_correct_tp,4,3,5,-1,5,1,False,True,False,False,False,False
n335,62,D4,40.184091,40.325,0.140909,82,0.646149,0.3,False,hvs_below_threshold_or_missing,not_selected_or_unlabeled,4,1,-1,-9,1,9,False,False,False,False,False,False
n336,53,F3,40.195455,40.336364,0.140909,83,0.650667,0.0,False,hvs_below_threshold_or_missing,not_selected_or_unlabeled,4,2,-10,-2,10,2,False,False,False,False,False,False
n337,51,D#3,40.311364,40.613636,0.302273,92,0.726722,0.6,False,confidence_above_threshold,not_selected_or_unlabeled,4,2,-4,12,4,12,False,True,False,False,False,False
n338,63,D#4,40.325,40.520455,0.195455,54,0.421335,0.6,True,low_confidence_high_hvs,spurious_or_timing_fp,4,3,1,4,1,4,True,True,False,False,False,False
n339,67,G4,40.336364,40.602273,0.265909,89,0.697327,0.3,False,hvs_below_threshold_or_missing,not_selected_or_unlabeled,4,3,14,-17,14,17,False,True,False,True,False,False
n340,50,D3,40.613636,40.754545,0.140909,79,0.623254,0.3,False,hvs_below_threshold_or_missing,not_selected_or_unlabeled,2,1,-1,20,1,20,False,False,False,False,False,False
n341,70,A#4,40.706818,40.859091,0.152273,91,0.715152,0.3,False,confidence_above_threshold,not_selected_or_unlabeled,3,1,19,-15,19,15,False,False,False,True,False,False
n342,55,G3,40.729545,40.975,0.245455,79,0.624153,0.3,False,hvs_below_threshold_or_missing,not_selected_or_unlabeled,3,2,4,15,4,15,False,True,False,False,False,False
n343,70,A#4,40.870455,41.020455,0.15,87,0.683793,0.3,False,hvs_below_threshold_or_missing,not_selected_or_unlabeled,5,1,0,-17,0,17,False,False,False,False,False,False
n344,53,F3,41.020455,41.206818,0.186364,83,0.655938,0.0,False,hvs_below_threshold_or_missing,not_selected_or_unlabeled,5,3,-17,12,17,12,False,False,False,True,False,False
n345,65,F4,41.020455,41.170455,0.15,49,0.387966,0.0,False,hvs_below_threshold_or_missing,not_selected_or_unlabeled,5,3,-5,-12,5,12,True,False,False,False,False,False
n346,69,A4,41.020455,41.206818,0.186364,85,0.665749,0.0,False,hvs_below_threshold_or_missing,not_selected_or_unlabeled,5,3,-1,-16,1,16,False,False,False,False,False,False
n347,65,F4,41.170455,41.484091,0.313636,83,0.650025,0.0,False,hvs_below_threshold_or_missing,not_selected_or_unlabeled,4,4,0,9,0,9,False,True,True,False,False,False
n348,74,D5,41.170455,41.438636,0.268182,90,0.71045,0.3,False,confidence_above_threshold,not_selected_or_unlabeled,4,4,9,-9,9,9,False,True,True,False,False,False
n349,62,D4,41.554545,41.870455,0.315909,88,0.693461,0.3,False,hvs_below_threshold_or_missing,not_selected_or_unlabeled,1,0,-3,15,3,15,False,True,False,False,False,False
n350,77,F5,41.577273,41.822727,0.245455,85,0.667172,0.0,False,hvs_below_threshold_or_missing,not_selected_or_unlabeled,1,1,12,-17,12,17,False,True,False,True,False,False
n351,60,C4,41.845455,41.997727,0.152273,102,0.806426,0.0,False,confidence_above_threshold,not_selected_or_unlabeled,2,1,-17,21,17,21,False,False,False,True,False,False
n352,81,A5,41.972727,42.229545,0.256818,74,0.581549,0.0,False,hvs_below_threshold_or_missing,not_selected_or_unlabeled,2,1,19,-21,19,21,False,True,False,True,False,False
n353,60,C4,41.997727,42.252273,0.254545,95,0.747933,0.0,False,confidence_above_threshold,not_selected_or_unlabeled,2,2,0,-1,0,1,False,True,False,False,False,False
n354,59,B3,42.252273,42.427273,0.175,87,0.688184,0.6,True,low_confidence_high_hvs,already_correct_tp,2,1,-1,-2,1,2,False,False,False,False,False,False
n355,57,A3,42.390909,42.729545,0.338636,86,0.673368,0.0,False,hvs_below_threshold_or_missing,not_selected_or_unlabeled,2,2,-3,27,3,27,False,True,False,False,False,False
n356,84,C6,42.390909,42.625,0.234091,67,0.527705,0.0,False,hvs_below_threshold_or_missing,not_selected_or_unlabeled,2,2,24,-27,24,27,False,True,False,True,False,False
n357,59,B3,42.670455,42.809091,0.138636,87,0.684586,0.6,True,low_confidence_high_hvs,already_correct_tp,2,1,-25,1,25,1,False,False,False,True,False,False
n358,60,C4,42.809091,43.088636,0.279545,100,0.790738,0.0,False,confidence_above_threshold,not_selected_or_unlabeled,3,2,1,21,1,21,False,True,False,False,False,False
n359,81,A5,42.809091,43.040909,0.231818,61,0.479578,0.0,False,hvs_below_threshold_or_missing,not_selected_or_unlabeled,3,2,22,-21,22,21,True,True,False,True,False,True
n360,57,A3,43.054545,43.204545,0.15,76,0.601929,0.0,False,hvs_below_threshold_or_missing,not_selected_or_unlabeled,5,1,-24,3,24,3,False,False,False,True,False,False
n361,60,C4,43.088636,43.227273,0.138636,75,0.590653,0.0,False,hvs_below_threshold_or_missing,not_selected_or_unlabeled,3,2,0,2,0,2,False,False,False,False,False,False
n362,62,D4,43.227273,43.668182,0.440909,91,0.713499,0.3,False,confidence_above_threshold,not_selected_or_unlabeled,3,1,2,-12,2,12,False,True,False,False,False,False
n363,50,D3,43.238636,43.425,0.186364,85,0.668432,0.3,False,hvs_below_threshold_or_missing,not_selected_or_unlabeled,4,1,-10,24,10,24,False,False,False,False,False,False
n364,74,D5,43.484091,43.622727,0.138636,59,0.467724,0.3,False,hvs_below_threshold_or_missing,not_selected_or_unlabeled,5,1,24,-22,24,22,True,False,False,True,False,False
n365,52,E3,43.506818,43.645455,0.138636,82,0.643946,0.3,False,hvs_below_threshold_or_missing,not_selected_or_unlabeled,4,2,2,5,2,5,False,False,False,False,False,False
n366,57,A3,43.668182,43.809091,0.140909,70,0.547361,0.0,False,hvs_below_threshold_or_missing,not_selected_or_unlabeled,5,3,-5,2,5,2,False,False,False,False,False,False
n367,59,B3,43.668182,43.879545,0.211364,69,0.543819,0.6,True,low_confidence_high_hvs,already_correct_tp,5,3,-3,-2,3,2,False,True,False,False,False,False
n368,62,D4,43.668182,44.029545,0.361364,60,0.474652,0.3,False,hvs_below_threshold_or_missing,not_selected_or_unlabeled,5,3,0,-5,0,5,True,True,False,False,False,False
n369,71,B4,43.763636,43.902273,0.138636,84,0.657859,0.6,True,low_confidence_high_hvs,already_correct_tp,4,3,9,-2,9,2,False,False,False,False,False,False
n370,69,A4,43.925,44.077273,0.152273,89,0.698047,0.0,False,hvs_below_threshold_or_missing,not_selected_or_unlabeled,5,1,-2,-12,2,12,False,False,False,False,False,False
n371,57,A3,44.111364,44.540909,0.429545,88,0.694753,0.0,False,hvs_below_threshold_or_missing,not_selected_or_unlabeled,4,1,-12,14,12,14,False,True,False,True,False,False
n372,71,B4,44.111364,44.354545,0.243182,63,0.494961,0.6,True,low_confidence_high_hvs,already_correct_tp,4,1,2,-14,2,14,True,True,False,False,False,False
n373,64,E4,44.122727,44.402273,0.279545,53,0.418722,0.3,False,hvs_below_threshold_or_missing,not_selected_or_unlabeled,4,2,-5,-12,5,12,True,True,False,False,False,False
n374,52,E3,44.134091,44.402273,0.268182,86,0.674159,0.3,False,hvs_below_threshold_or_missing,not_selected_or_unlabeled,4,3,-17,0,17,0,False,True,False,True,False,False
n375,52,E3,44.402273,44.668182,0.265909,85,0.665691,0.3,False,hvs_below_threshold_or_missing,not_selected_or_unlabeled,2,4,-12,12,12,12,False,True,True,True,False,False
n376,64,E4,44.402273,44.552273,0.15,50,0.392314,0.3,False,hvs_below_threshold_or_missing,not_selected_or_unlabeled,2,4,0,-12,0,12,True,False,True,False,True,False
n377,57,A3,44.540909,44.820455,0.279545,92,0.721368,0.0,False,confidence_above_threshold,not_selected_or_unlabeled,3,3,0,7,0,7,False,True,False,False,False,False
n378,64,E4,44.772727,44.936364,0.163636,73,0.57598,0.3,False,hvs_below_threshold_or_missing,not_selected_or_unlabeled,4,1,12,-8,12,8,False,False,False,True,False,False
n379,56,G#3,44.820455,44.970455,0.15,86,0.677567,0.6,True,low_confidence_high_hvs,already_correct_tp,3,2,-1,4,1,4,False,False,False,False,False,False
n380,60,C4,44.959091,45.25,0.290909,93,0.736165,0.0,False,confidence_above_threshold,not_selected_or_unlabeled,3,2,-4,9,4,9,False,True,False,False,False,False
n381,69,A4,44.959091,45.225,0.265909,95,0.745968,0.0,False,confidence_above_threshold,not_selected_or_unlabeled,3,2,5,-9,5,9,False,True,False,False,False,False
n382,68,G#4,45.225,45.377273,0.152273,84,0.664013,0.6,True,low_confidence_high_hvs,already_correct_tp,3,2,-1,-9,1,9,False,False,False,False,False,False
n383,59,B3,45.25,45.4,0.15,86,0.675641,0.6,True,low_confidence_high_hvs,already_correct_tp,3,2,-1,-2,1,2,False,False,False,False,False,False
n384,57,A3,45.377273,45.668182,0.290909,88,0.693696,0.0,False,hvs_below_threshold_or_missing,not_selected_or_unlabeled,3,2,-11,15,11,15,False,True,False,False,False,False
n385,72,C5,45.388636,45.631818,0.243182,70,0.555106,0.0,False,hvs_below_threshold_or_missing,not_selected_or_unlabeled,4,2,4,-17,4,17,False,True,False,False,False,False
n386,55,G3,45.631818,45.772727,0.140909,80,0.631997,0.3,False,hvs_below_threshold_or_missing,not_selected_or_unlabeled,3,2,-17,5,17,5,False,False,False,True,False,False
n387,60,C4,45.761364,46.168182,0.406818,90,0.706161,0.0,False,confidence_above_threshold,not_selected_or_unlabeled,2,1,3,16,3,16,False,True,False,False,False,False
n388,76,E5,45.784091,46.052273,0.268182,85,0.668162,0.3,False,hvs_below_threshold_or_missing,not_selected_or_unlabeled,2,1,21,-18,21,18,False,True,False,True,False,False
n389,58,A#3,46.063636,46.538636,0.475,86,0.673477,0.3,False,hvs_below_threshold_or_missing,not_selected_or_unlabeled,1,1,-18,21,18,21,False,True,False,True,False,False
n390,79,G5,46.190909,46.422727,0.231818,72,0.569095,0.3,False,hvs_below_threshold_or_missing,not_selected_or_unlabeled,1,1,19,-1,19,1,False,True,False,True,False,False
n391,78,F#5,46.456818,46.597727,0.140909,77,0.607184,0.6,True,low_confidence_high_hvs,already_correct_tp,2,1,-1,4,1,4,False,False,False,False,False,False
n392,82,A#5,46.597727,46.818182,0.220455,59,0.467134,0.3,False,hvs_below_threshold_or_missing,not_selected_or_unlabeled,2,1,4,-15,4,15,True,True,False,False,False,False
n393,67,G4,46.609091,47.027273,0.418182,95,0.74509,0.3,False,confidence_above_threshold,not_selected_or_unlabeled,2,1,-11,-2,11,2,False,True,False,False,False,False
n394,65,F4,46.886364,47.315909,0.429545,71,0.560215,0.0,False,hvs_below_threshold_or_missing,not_selected_or_unlabeled,2,1,-17,2,17,2,False,True,False,True,False,False
n395,67,G4,47.027273,47.259091,0.231818,77,0.605145,0.3,False,hvs_below_threshold_or_missing,not_selected_or_unlabeled,3,3,0,19,0,19,False,True,False,False,False,False
n396,86,D6,47.027273,47.259091,0.231818,58,0.45333,0.3,False,hvs_below_threshold_or_missing,not_selected_or_unlabeled,3,3,19,-19,19,19,True,True,False,True,False,True
n397,85,C#6,47.259091,47.397727,0.138636,81,0.636789,0.6,True,low_confidence_high_hvs,already_correct_tp,5,3,18,-35,18,35,False,False,False,True,False,False
n398,50,D3,47.434091,47.665909,0.231818,77,0.604405,0.3,False,hvs_below_threshold_or_missing,not_selected_or_unlabeled,3,1,-35,12,35,12,False,True,False,True,False,False
n399,62,D4,47.434091,47.852273,0.418182,92,0.726098,0.3,False,confidence_above_threshold,not_selected_or_unlabeled,3,1,-23,-12,23,12,False,True,False,True,False,False
n400,89,F6,47.445455,47.677273,0.231818,49,0.388776,0.0,False,hvs_below_threshold_or_missing,not_selected_or_unlabeled,3,2,4,-36,4,36,True,True,False,False,False,False
n401,53,F3,47.852273,48.084091,0.231818,86,0.679675,0.0,False,hvs_below_threshold_or_missing,not_selected_or_unlabeled,2,3,-9,9,9,9,False,True,False,False,False,False
n402,62,D4,47.852273,48.143182,0.290909,87,0.685268,0.3,False,hvs_below_threshold_or_missing,not_selected_or_unlabeled,2,3,0,-9,0,9,False,True,False,False,False,False
n403,86,D6,47.852273,48.095455,0.243182,56,0.442497,0.3,False,hvs_below_threshold_or_missing,not_selected_or_unlabeled,2,3,24,-33,24,33,True,True,False,True,False,True
n404,50,D3,48.143182,48.293182,0.15,79,0.623557,0.3,False,hvs_below_threshold_or_missing,not_selected_or_unlabeled,3,2,-12,12,12,12,False,False,False,True,False,False
n405,62,D4,48.143182,48.293182,0.15,75,0.589092,0.3,False,hvs_below_threshold_or_missing,not_selected_or_unlabeled,3,2,0,-12,0,12,False,False,False,False,False,False
n406,55,G3,48.293182,48.456818,0.163636,81,0.63872,0.3,False,hvs_below_threshold_or_missing,not_selected_or_unlabeled,4,3,5,7,5,7,False,False,False,False,False,False
n407,62,D4,48.293182,48.711364,0.418182,90,0.711381,0.3,False,confidence_above_threshold,not_selected_or_unlabeled,4,3,12,-7,12,7,False,True,False,True,False,False
n408,53,F3,48.445455,48.629545,0.184091,81,0.637423,0.0,False,hvs_below_threshold_or_missing,not_selected_or_unlabeled,2,2,3,-3,3,3,False,False,False,False,False,False
n409,50,D3,48.711364,48.990909,0.279545,71,0.557035,0.3,False,hvs_below_threshold_or_missing,not_selected_or_unlabeled,2,2,-12,12,12,12,False,True,False,True,False,False
n410,62,D4,48.711364,49.025,0.313636,49,0.389229,0.3,False,hvs_below_threshold_or_missing,not_selected_or_unlabeled,2,2,0,-12,0,12,True,True,False,False,False,False
n411,77,F5,48.793182,49.036364,0.243182,43,0.339202,0.0,False,hvs_below_threshold_or_missing,not_selected_or_unlabeled,3,2,15,-27,15,27,True,True,False,True,False,True
n412,50,D3,48.990909,49.129545,0.138636,80,0.63128,0.3,False,hvs_below_threshold_or_missing,not_selected_or_unlabeled,3,3,0,-2,0,2,False,False,False,False,False,False
n413,48,C3,49.140909,50.002273,0.861364,85,0.671676,0.0,False,hvs_below_threshold_or_missing,not_selected_or_unlabeled,4,1,-2,12,2,12,False,True,False,False,False,False
n414,60,C4,49.140909,49.304545,0.163636,68,0.532287,0.0,False,hvs_below_threshold_or_missing,not_selected_or_unlabeled,4,1,10,-12,10,12,False,False,False,False,False,False
n415,60,C4,49.304545,50.002273,0.697727,59,0.467967,0.0,False,hvs_below_threshold_or_missing,not_selected_or_unlabeled,5,3,0,12,0,12,True,True,False,False,False,False
n416,72,C5,49.304545,49.454545,0.15,50,0.393025,0.0,False,hvs_below_threshold_or_missing,not_selected_or_unlabeled,5,3,12,-12,12,12,True,False,False,True,False,False
n417,57,A3,49.536364,49.677273,0.140909,70,0.553307,0.0,False,hvs_below_threshold_or_missing,not_selected_or_unlabeled,5,2,-15,20,15,20,False,False,False,True,False,False
n418,77,F5,49.547727,49.711364,0.163636,59,0.461187,0.0,False,hvs_below_threshold_or_missing,not_selected_or_unlabeled,5,3,5,2,5,2,True,False,False,False,False,False
n419,79,G5,49.593182,49.768182,0.175,33,0.256611,0.3,False,hvs_below_threshold_or_missing,not_selected_or_unlabeled,4,4,7,-24,7,24,True,False,True,False,True,False
n420,55,G3,49.652273,49.815909,0.163636,70,0.552439,0.3,False,hvs_below_threshold_or_missing,not_selected_or_unlabeled,4,5,-17,-2,17,2,False,False,True,True,False,False
n421,53,F3,49.815909,49.990909,0.175,84,0.662858,0.0,False,hvs_below_threshold_or_missing,not_selected_or_unlabeled,4,3,-2,-5,2,5,False,False,False,False,False,False
n422,48,C3,50.002273,50.697727,0.695455,89,0.704234,0.0,False,confidence_above_threshold,not_selected_or_unlabeled,3,3,0,12,0,12,False,True,False,False,False,False
n423,60,C4,50.002273,50.152273,0.15,68,0.533794,0.0,False,hvs_below_threshold_or_missing,not_selected_or_unlabeled,3,3,12,-12,12,12,False,False,False,True,False,False
n424,60,C4,50.152273,50.686364,0.534091,59,0.4638,0.0,False,hvs_below_threshold_or_missing,not_selected_or_unlabeled,3,2,0,-3,0,3,True,True,False,False,False,False
n425,57,A3,50.372727,50.511364,0.138636,68,0.53416,0.0,False,hvs_below_threshold_or_missing,not_selected_or_unlabeled,4,2,-3,20,3,20,False,False,False,False,False,False
n426,77,F5,50.406818,50.570455,0.163636,54,0.427144,0.0,False,hvs_below_threshold_or_missing,not_selected_or_unlabeled,3,3,17,2,17,2,True,False,False,True,False,False
n427,79,G5,50.443182,50.627273,0.184091,31,0.241053,0.3,False,hvs_below_threshold_or_missing,not_selected_or_unlabeled,3,4,19,-24,19,24,True,False,True,True,True,False
n428,55,G3,50.536364,50.686364,0.15,75,0.589148,0.3,False,hvs_below_threshold_or_missing,not_selected_or_unlabeled,4,4,-2,-2,2,2,False,False,True,False,False,False
n429,53,F3,50.697727,50.872727,0.175,73,0.572313,0.0,False,hvs_below_threshold_or_missing,not_selected_or_unlabeled,1,1,5,-5,5,5,False,False,False,False,False,False
n430,48,C3,50.965909,51.418182,0.452273,82,0.645953,0.0,False,hvs_below_threshold_or_missing,not_selected_or_unlabeled,1,1,-5,12,5,12,False,True,False,False,False,False
n431,60,C4,50.965909,51.279545,0.313636,68,0.535434,0.0,False,hvs_below_threshold_or_missing,not_selected_or_unlabeled,1,1,7,-12,7,12,False,True,False,False,False,False
n432,60,C4,51.279545,52.302273,1.022727,93,0.728424,0.0,False,confidence_above_threshold,not_selected_or_unlabeled,2,2,0,10,0,10,False,True,False,False,False,False
n433,70,A#4,51.418182,51.556818,0.138636,77,0.609871,0.3,False,hvs_below_threshold_or_missing,not_selected_or_unlabeled,3,2,22,6,22,6,False,False,False,True,False,False
n434,76,E5,51.440909,51.686364,0.245455,77,0.606132,0.3,False,hvs_below_threshold_or_missing,not_selected_or_unlabeled,4,2,28,-4,28,4,False,True,False,True,False,False
n435,72,C5,51.590909,51.940909,0.35,37,0.294846,0.0,False,hvs_below_threshold_or_missing,not_selected_or_unlabeled,3,2,2,-3,2,3,True,True,False,False,False,False
n436,69,A4,51.686364,51.836364,0.15,83,0.652846,0.0,False,hvs_below_threshold_or_missing,not_selected_or_unlabeled,3,3,-7,-2,7,2,False,False,False,False,False,False
n437,67,G4,51.872727,52.011364,0.138636,83,0.651164,0.3,False,hvs_below_threshold_or_missing,not_selected_or_unlabeled,1,2,-2,15,2,15,False,False,False,False,False,False
n438,82,A#5,52.290909,52.522727,0.231818,75,0.589419,0.3,False,hvs_below_threshold_or_missing,not_selected_or_unlabeled,1,1,15,-22,15,22,False,True,False,True,False,False
n439,60,C4,52.302273,52.568182,0.265909,78,0.610865,0.0,False,hvs_below_threshold_or_missing,not_selected_or_unlabeled,1,2,0,-24,0,24,False,True,False,False,False,False
n440,36,C2,52.836364,53.461364,0.625,91,0.713555,0.0,False,confidence_above_threshold,not_selected_or_unlabeled,4,2,-24,12,24,12,False,True,False,True,False,False
n441,48,C3,52.836364,53.520455,0.684091,64,0.502221,0.0,False,hvs_below_threshold_or_missing,not_selected_or_unlabeled,4,2,-12,-12,12,12,False,True,False,True,False,False
n442,60,C4,52.836364,54.393182,1.556818,73,0.574271,0.0,False,hvs_below_threshold_or_missing,not_selected_or_unlabeled,4,2,0,-24,0,24,False,True,False,False,False,False
n443,43,G2,52.859091,53.345455,0.486364,79,0.623389,0.3,False,hvs_below_threshold_or_missing,not_selected_or_unlabeled,4,3,-17,-3,17,3,False,True,False,True,False,False
n444,40,E2,52.893182,53.288636,0.395455,68,0.537565,0.3,False,hvs_below_threshold_or_missing,not_selected_or_unlabeled,4,4,-20,30,20,30,False,True,True,True,False,False
n445,70,A#4,53.288636,53.427273,0.138636,76,0.602296,0.3,False,hvs_below_threshold_or_missing,not_selected_or_unlabeled,1,5,30,6,30,6,False,False,True,True,False,False
n446,76,E5,53.311364,53.579545,0.268182,64,0.505305,0.3,False,hvs_below_threshold_or_missing,not_selected_or_unlabeled,1,5,36,-7,36,7,False,True,True,True,False,False
n447,69,A4,53.579545,53.718182,0.138636,83,0.651391,0.0,False,hvs_below_threshold_or_missing,not_selected_or_unlabeled,2,2,-7,-2,7,2,False,False,False,False,False,False
n448,67,G4,53.706818,53.847727,0.140909,79,0.620098,0.3,False,hvs_below_threshold_or_missing,not_selected_or_unlabeled,2,2,-9,12,9,12,False,False,False,False,False,False
n449,79,G5,53.731818,53.940909,0.209091,35,0.274201,0.3,False,hvs_below_threshold_or_missing,not_selected_or_unlabeled,2,2,10,3,10,3,True,True,False,False,False,False
n450,82,A#5,54.147727,54.404545,0.256818,64,0.501342,0.3,False,hvs_below_threshold_or_missing,not_selected_or_unlabeled,0,1,3,-39,3,39,False,True,False,False,False,False
n451,43,G2,54.670455,55.181818,0.511364,83,0.651095,0.3,False,hvs_below_threshold_or_missing,not_selected_or_unlabeled,5,0,-39,5,39,5,False,True,False,True,False,False
n452,48,C3,54.681818,55.136364,0.454545,60,0.473582,0.0,False,hvs_below_threshold_or_missing,not_selected_or_unlabeled,5,2,-34,12,34,12,True,True,False,True,False,True
n453,60,C4,54.681818,55.159091,0.477273,51,0.400577,0.0,False,hvs_below_threshold_or_missing,not_selected_or_unlabeled,5,2,-22,-12,22,12,True,True,False,True,False,True
n454,36,C2,54.695455,55.275,0.579545,85,0.668933,0.0,False,hvs_below_threshold_or_missing,not_selected_or_unlabeled,5,4,-46,36,46,36,False,True,True,True,False,False
n455,72,C5,54.695455,54.834091,0.138636,45,0.355547,0.0,False,hvs_below_threshold_or_missing,not_selected_or_unlabeled,5,4,-10,-36,10,36,True,False,True,False,True,False
n456,40,E2,54.729545,55.065909,0.336364,66,0.523157,0.3,False,hvs_below_threshold_or_missing,not_selected_or_unlabeled,5,5,-42,49,42,49,False,True,True,True,False,False
n457,89,F6,54.984091,55.193182,0.209091,50,0.390315,0.0,False,hvs_below_threshold_or_missing,not_selected_or_unlabeled,1,5,17,-19,17,19,True,True,True,True,True,True
n458,70,A#4,55.125,55.297727,0.172727,86,0.674326,0.3,False,hvs_below_threshold_or_missing,not_selected_or_unlabeled,1,5,30,4,30,4,False,False,True,True,False,False
n459,74,D5,55.390909,55.529545,0.138636,81,0.636726,0.3,False,hvs_below_threshold_or_missing,not_selected_or_unlabeled,3,1,4,12,4,12,False,False,False,False,False,False
n460,86,D6,55.390909,55.647727,0.256818,71,0.562964,0.3,False,hvs_below_threshold_or_missing,not_selected_or_unlabeled,3,1,16,-12,16,12,False,True,False,True,False,False
n461,72,C5,55.518182,55.670455,0.152273,77,0.609522,0.0,False,hvs_below_threshold_or_missing,not_selected_or_unlabeled,3,2,2,4,2,4,False,False,False,False,False,False
n462,76,E5,55.636364,55.775,0.138636,74,0.580141,0.3,False,hvs_below_threshold_or_missing,not_selected_or_unlabeled,4,2,2,-7,2,7,False,False,False,False,False,False
n463,69,A4,55.786364,55.927273,0.140909,85,0.669021,0.0,False,hvs_below_threshold_or_missing,not_selected_or_unlabeled,1,0,-7,12,7,12,False,False,False,False,False,False
n464,81,A5,56.390909,56.540909,0.15,78,0.61364,0.0,False,hvs_below_threshold_or_missing,not_selected_or_unlabeled,0,0,12,-21,12,21,False,False,False,True,False,False
n465,60,C4,56.681818,57.925,1.243182,87,0.683591,0.0,False,hvs_below_threshold_or_missing,not_selected_or_unlabeled,2,1,-21,12,21,12,False,True,False,True,False,False
n466,72,C5,56.681818,56.820455,0.138636,60,0.473747,0.0,False,hvs_below_threshold_or_missing,not_selected_or_unlabeled,2,1,-9,-12,9,12,True,False,False,False,False,False
n467,76,E5,56.831818,57.1,0.268182,83,0.651533,0.3,False,hvs_below_threshold_or_missing,not_selected_or_unlabeled,3,1,4,-4,4,4,False,True,False,False,False,False
n468,72,C5,56.995455,57.204545,0.209091,47,0.372367,0.0,False,hvs_below_threshold_or_missing,not_selected_or_unlabeled,2,2,0,-3,0,3,True,True,False,False,False,False
n469,69,A4,57.086364,57.238636,0.152273,86,0.675249,0.0,False,hvs_below_threshold_or_missing,not_selected_or_unlabeled,2,3,-3,10,3,10,False,False,False,False,False,False
n470,79,G5,57.25,57.470455,0.220455,37,0.29518,0.3,False,hvs_below_threshold_or_missing,not_selected_or_unlabeled,1,1,10,3,10,3,True,True,False,False,False,False
n471,82,A#5,57.656818,57.877273,0.220455,59,0.466873,0.3,False,hvs_below_threshold_or_missing,not_selected_or_unlabeled,0,1,3,-39,3,39,True,True,False,False,False,False
n472,43,G2,58.190909,58.515909,0.325,88,0.690937,0.3,False,hvs_below_threshold_or_missing,not_selected_or_unlabeled,4,2,-17,5,17,5,False,True,False,True,False,False
n473,48,C3,58.190909,58.852273,0.661364,60,0.468758,0.0,False,hvs_below_threshold_or_missing,not_selected_or_unlabeled,4,2,-12,-5,12,5,True,True,False,True,False,True
n474,60,C4,58.190909,58.504545,0.313636,56,0.440829,0.0,False,hvs_below_threshold_or_missing,not_selected_or_unlabeled,4,2,0,-17,0,17,True,True,False,False,False,False
n475,36,C2,58.202273,58.795455,0.593182,84,0.661448,0.0,False,hvs_below_threshold_or_missing,not_selected_or_unlabeled,4,3,-24,4,24,4,False,True,False,True,False,False
n476,40,E2,58.215909,58.597727,0.381818,76,0.598893,0.3,False,hvs_below_threshold_or_missing,not_selected_or_unlabeled,4,4,-20,20,20,20,False,True,True,True,False,False
n477,60,C4,58.504545,59.747727,1.243182,78,0.617069,0.0,False,hvs_below_threshold_or_missing,not_selected_or_unlabeled,2,5,0,-17,0,17,False,True,True,False,False,False
n478,43,G2,58.515909,58.702273,0.186364,67,0.531403,0.3,False,hvs_below_threshold_or_missing,not_selected_or_unlabeled,2,5,0,33,0,33,False,False,True,False,False,False
n479,76,E5,58.656818,58.922727,0.265909,74,0.583223,0.3,False,hvs_below_threshold_or_missing,not_selected_or_unlabeled,2,4,36,-7,36,7,False,True,True,True,False,False
n480,69,A4,58.922727,59.086364,0.163636,78,0.611387,0.0,False,hvs_below_threshold_or_missing,not_selected_or_unlabeled,3,3,-7,8,7,8,False,False,False,False,False,False
n481,77,F5,58.922727,59.061364,0.138636,71,0.556039,0.0,False,hvs_below_threshold_or_missing,not_selected_or_unlabeled,3,3,1,-8,1,8,False,False,False,False,False,False
n482,79,G5,59.097727,59.318182,0.220455,40,0.311637,0.3,False,hvs_below_threshold_or_missing,not_selected_or_unlabeled,3,1,10,-12,10,12,True,True,False,False,False,False
n483,67,G4,59.109091,59.247727,0.138636,79,0.624405,0.3,False,hvs_below_threshold_or_missing,not_selected_or_unlabeled,3,2,-2,15,2,15,False,False,False,False,False,False
n484,82,A#5,59.515909,59.747727,0.231818,66,0.520564,0.3,False,hvs_below_threshold_or_missing,not_selected_or_unlabeled,1,1,3,-1,3,1,False,True,False,False,False,False
n485,81,A5,59.761364,59.9,0.138636,71,0.558942,0.0,False,hvs_below_threshold_or_missing,not_selected_or_unlabeled,1,0,21,-45,21,45,False,False,False,True,False,False
n486,36,C2,60.038636,60.631818,0.593182,89,0.704465,0.0,False,confidence_above_threshold,not_selected_or_unlabeled,4,3,-45,12,45,12,False,True,False,True,False,False
n487,48,C3,60.038636,60.538636,0.5,67,0.526715,0.0,False,hvs_below_threshold_or_missing,not_selected_or_unlabeled,4,3,-33,-12,33,12,False,True,False,True,False,False
n488,60,C4,60.038636,60.306818,0.268182,53,0.420195,0.0,False,hvs_below_threshold_or_missing,not_selected_or_unlabeled,4,3,-21,-24,21,24,True,True,False,True,False,True
n489,72,C5,60.038636,60.225,0.186364,52,0.413198,0.0,False,hvs_below_threshold_or_missing,not_selected_or_unlabeled,4,3,-9,-36,9,36,True,False,False,False,False,False
n490,43,G2,60.05,60.502273,0.452273,81,0.638603,0.3,False,hvs_below_threshold_or_missing,not_selected_or_unlabeled,4,4,-38,46,38,46,False,True,True,True,False,False
n491,89,F6,60.340909,60.55,0.209091,54,0.427754,0.0,False,hvs_below_threshold_or_missing,not_selected_or_unlabeled,1,3,29,-19,29,19,True,True,False,True,False,True
n492,70,A#4,60.479545,60.654545,0.175,86,0.67659,0.3,False,hvs_below_threshold_or_missing,not_selected_or_unlabeled,1,4,10,4,10,4,False,False,True,False,False,False
n493,74,D5,60.747727,60.886364,0.138636,84,0.663707,0.3,False,hvs_below_threshold_or_missing,not_selected_or_unlabeled,3,1,4,12,4,12,False,False,False,False,False,False
n494,86,D6,60.747727,60.897727,0.15,83,0.651711,0.3,False,hvs_below_threshold_or_missing,not_selected_or_unlabeled,3,1,16,-12,16,12,False,False,False,True,False,False
n495,72,C5,60.897727,61.095455,0.197727,77,0.60252,0.0,False,hvs_below_threshold_or_missing,not_selected_or_unlabeled,4,2,-14,14,14,14,False,True,False,True,False,False
n496,86,D6,60.897727,61.05,0.152273,74,0.57964,0.3,False,hvs_below_threshold_or_missing,not_selected_or_unlabeled,4,2,0,-14,0,14,False,False,False,False,False,False
n497,69,A4,61.118182,61.270455,0.152273,82,0.647496,0.0,False,hvs_below_threshold_or_missing,not_selected_or_unlabeled,3,0,-3,1,3,1,False,False,False,False,False,False
n498,70,A#4,61.304545,61.443182,0.138636,85,0.668401,0.3,False,hvs_below_threshold_or_missing,not_selected_or_unlabeled,2,0,1,2,1,2,False,False,False,False,False,False
n499,72,C5,61.547727,61.677273,0.129545,73,0.576264,0.0,False,hvs_below_threshold_or_missing,not_selected_or_unlabeled,3,0,2,-7,2,7,False,False,False,False,False,False
n500,65,F4,61.711364,61.897727,0.186364,64,0.502188,0.0,False,hvs_below_threshold_or_missing,not_selected_or_unlabeled,3,1,-7,12,7,12,False,False,False,False,False,False
n501,77,F5,61.711364,62.002273,0.290909,87,0.68117,0.0,False,hvs_below_threshold_or_missing,not_selected_or_unlabeled,3,1,5,-12,5,12,False,True,False,False,False,False
n502,57,A3,61.956818,62.129545,0.172727,88,0.692564,0.0,False,hvs_below_threshold_or_missing,not_selected_or_unlabeled,4,1,-8,20,8,20,False,False,False,False,False,False
n503,77,F5,62.002273,62.222727,0.220455,77,0.603977,0.0,False,hvs_below_threshold_or_missing,not_selected_or_unlabeled,2,2,0,-19,0,19,False,True,False,False,False,False
n504,58,A#3,62.140909,62.372727,0.231818,87,0.687647,0.3,False,hvs_below_threshold_or_missing,not_selected_or_unlabeled,3,1,1,9,1,9,False,True,False,False,False,False
n505,67,G4,62.281818,62.420455,0.138636,91,0.717971,0.3,False,confidence_above_threshold,not_selected_or_unlabeled,3,1,-10,-5,10,5,False,False,False,False,False,False
n506,62,D4,62.409091,62.581818,0.172727,88,0.690096,0.3,False,hvs_below_threshold_or_missing,not_selected_or_unlabeled,4,1,4,12,4,12,False,False,False,False,False,False
n507,74,D5,62.420455,62.570455,0.15,51,0.398389,0.3,False,hvs_below_threshold_or_missing,not_selected_or_unlabeled,5,2,7,-14,7,14,True,False,False,False,False,False
n508,60,C4,62.559091,62.802273,0.243182,84,0.665222,0.0,False,hvs_below_threshold_or_missing,not_selected_or_unlabeled,5,2,-7,14,7,14,False,True,False,False,False,False
n509,74,D5,62.570455,62.734091,0.163636,76,0.600775,0.3,False,hvs_below_threshold_or_missing,not_selected_or_unlabeled,5,3,0,-10,0,10,False,False,False,False,False,False
n510,64,E4,62.663636,62.802273,0.138636,79,0.61911,0.3,False,hvs_below_threshold_or_missing,not_selected_or_unlabeled,5,2,2,8,2,8,False,False,False,False,False,False
n511,72,C5,62.790909,62.931818,0.140909,73,0.577122,0.0,False,hvs_below_threshold_or_missing,not_selected_or_unlabeled,6,2,-2,-15,2,15,False,False,False,False,False,False
n512,57,A3,62.827273,62.965909,0.138636,89,0.697315,0.0,False,hvs_below_threshold_or_missing,not_selected_or_unlabeled,4,1,-3,1,3,1,False,False,False,False,False,False
n513,58,A#3,62.965909,63.129545,0.163636,83,0.654077,0.3,False,hvs_below_threshold_or_missing,not_selected_or_unlabeled,4,2,1,9,1,9,False,False,False,False,False,False
n514,67,G4,62.965909,63.231818,0.265909,51,0.401328,0.3,False,hvs_below_threshold_or_missing,not_selected_or_unlabeled,4,2,10,-9,10,9,True,True,False,False,False,False
n515,69,A4,63.093182,63.395455,0.302273,62,0.491786,0.0,False,hvs_below_threshold_or_missing,not_selected_or_unlabeled,4,2,12,-10,12,10,True,True,False,True,False,True
n516,59,B3,63.231818,63.372727,0.140909,77,0.610165,0.6,True,low_confidence_high_hvs,already_correct_tp,4,3,-8,8,8,8,False,False,False,False,False,False
n517,67,G4,63.231818,63.384091,0.152273,82,0.648805,0.3,False,hvs_below_threshold_or_missing,not_selected_or_unlabeled,4,3,0,-8,0,8,False,False,False,False,False,False
n518,69,A4,63.395455,63.570455,0.175,75,0.587301,0.0,False,hvs_below_threshold_or_missing,not_selected_or_unlabeled,6,1,0,-28,0,28,False,False,False,False,False,False
n519,41,F2,63.418182,63.593182,0.175,79,0.618675,0.0,False,hvs_below_threshold_or_missing,not_selected_or_unlabeled,7,1,-28,31,28,31,False,False,False,True,False,False
n520,72,C5,63.559091,63.686364,0.127273,82,0.643638,0.0,False,hvs_below_threshold_or_missing,not_selected_or_unlabeled,7,2,3,-24,3,24,False,False,False,False,False,False
n521,48,C3,63.570455,63.768182,0.197727,52,0.412609,0.0,False,hvs_below_threshold_or_missing,not_selected_or_unlabeled,8,3,-21,12,21,12,True,True,False,True,False,True
n522,60,C4,63.593182,63.756818,0.163636,59,0.464271,0.0,False,hvs_below_threshold_or_missing,not_selected_or_unlabeled,8,3,19,-24,19,24,True,False,False,True,False,False
n523,36,C2,63.663636,63.813636,0.15,57,0.450116,0.0,False,hvs_below_threshold_or_missing,not_selected_or_unlabeled,7,3,-5,33,5,33,True,False,False,False,False,False
n524,69,A4,63.790909,63.954545,0.163636,77,0.606629,0.0,False,hvs_below_threshold_or_missing,not_selected_or_unlabeled,7,1,21,-16,21,16,False,False,False,True,False,False
n525,53,F3,63.802273,64.059091,0.256818,58,0.452763,0.0,False,hvs_below_threshold_or_missing,not_selected_or_unlabeled,8,2,5,-12,5,12,True,True,False,False,False,False
n526,41,F2,63.813636,64.022727,0.209091,79,0.619355,0.0,False,hvs_below_threshold_or_missing,not_selected_or_unlabeled,8,3,5,31,5,31,False,True,False,False,False,False
n527,72,C5,63.954545,64.127273,0.172727,84,0.663845,0.0,False,hvs_below_threshold_or_missing,not_selected_or_unlabeled,5,3,3,-12,3,12,False,False,False,False,False,False
n528,60,C4,64.047727,64.197727,0.15,53,0.420281,0.0,False,hvs_below_threshold_or_missing,not_selected_or_unlabeled,7,2,19,-12,19,12,True,False,False,True,False,False
n529,48,C3,64.059091,64.197727,0.138636,68,0.536241,0.0,False,hvs_below_threshold_or_missing,not_selected_or_unlabeled,6,3,-5,21,5,21,False,False,False,False,False,False
n530,69,A4,64.231818,64.395455,0.163636,71,0.559069,0.0,False,hvs_below_threshold_or_missing,not_selected_or_unlabeled,5,0,9,-28,9,28,False,False,False,False,False,False
n531,41,F2,64.243182,64.488636,0.245455,84,0.663011,0.0,False,hvs_below_threshold_or_missing,not_selected_or_unlabeled,5,2,-19,12,19,12,False,True,False,True,False,False
n532,53,F3,64.243182,64.477273,0.234091,61,0.480299,0.0,False,hvs_below_threshold_or_missing,not_selected_or_unlabeled,5,2,-7,-12,7,12,True,True,False,False,False,False
n533,72,C5,64.384091,64.545455,0.161364,83,0.653326,0.0,False,hvs_below_threshold_or_missing,not_selected_or_unlabeled,5,3,12,-36,12,36,False,False,False,True,False,False
n534,36,C2,64.511364,64.672727,0.161364,45,0.356856,0.0,False,hvs_below_threshold_or_missing,not_selected_or_unlabeled,5,2,-5,24,5,24,True,False,False,False,False,False
n535,60,C4,64.511364,64.65,0.138636,58,0.460457,0.0,False,hvs_below_threshold_or_missing,not_selected_or_unlabeled,5,2,19,-24,19,24,True,False,False,True,False,False
n536,69,A4,64.661364,64.802273,0.140909,59,0.461629,0.0,False,hvs_below_threshold_or_missing,not_selected_or_unlabeled,6,1,9,-16,9,16,True,False,False,False,False,False
n537,53,F3,64.672727,64.813636,0.140909,55,0.433242,0.0,False,hvs_below_threshold_or_missing,not_selected_or_unlabeled,6,2,17,-12,17,12,True,False,False,True,False,False
n538,41,F2,64.686364,64.963636,0.277273,81,0.636008,0.0,False,hvs_below_threshold_or_missing,not_selected_or_unlabeled,6,2,5,26,5,26,False,True,False,False,False,False
n539,67,G4,64.825,64.986364,0.161364,74,0.586158,0.3,False,hvs_below_threshold_or_missing,not_selected_or_unlabeled,6,2,14,9,14,9,False,False,False,True,False,False
n540,76,E5,64.825,64.986364,0.161364,77,0.606035,0.3,False,hvs_below_threshold_or_missing,not_selected_or_unlabeled,6,2,23,-9,23,9,False,False,False,True,False,False
n541,36,C2,65.022727,65.243182,0.220455,47,0.372295,0.0,False,hvs_below_threshold_or_missing,not_selected_or_unlabeled,4,1,-31,12,31,12,True,True,False,True,False,True
n542,48,C3,65.022727,65.243182,0.220455,63,0.498627,0.0,False,hvs_below_threshold_or_missing,not_selected_or_unlabeled,4,1,-19,-12,19,12,True,True,False,True,False,True
n543,41,F2,65.195455,65.336364,0.140909,41,0.319142,0.0,False,hvs_below_threshold_or_missing,not_selected_or_unlabeled,4,2,-26,0,26,0,True,False,False,True,False,False
n544,41,F2,65.347727,66.997727,1.65,89,0.701223,0.0,False,confidence_above_threshold,not_selected_or_unlabeled,2,1,0,12,0,12,False,True,False,False,False,False
n545,53,F3,65.347727,66.672727,1.325,54,0.427102,0.0,False,hvs_below_threshold_or_missing,not_selected_or_unlabeled,2,1,12,-12,12,12,True,True,False,True,False,True
n546,41,F2,67.252273,68.531818,1.279545,94,0.738865,0.0,False,confidence_above_threshold,not_selected_or_unlabeled,0,0,0,12,0,12,False,True,False,False,False,False
n547,53,F3,68.181818,68.518182,0.336364,54,0.424938,0.0,False,hvs_below_threshold_or_missing,not_selected_or_unlabeled,0,1,12,,12,,True,True,False,True,False,True
